number,state,value,datetime_start,datetime_complete,duration_sec,user_attrs_json,param_batch_size,param_epochs,param_eps,param_hop_length,param_lr,param_mel,param_n_fft,param_norm_p
0,COMPLETE,17.23845487833023,2026-02-12T21:08:22.880230,2026-02-12T21:10:34.403502,131.523272,"{""best_epoch"": 59, ""effective_batch_size"": 16, ""output_dir"": ""./outputs/2026-02-12/21-08-23""}",16,67,1.0129197956845722e-05,128,0.00020511104188433984,OFF,2048,3.5985284373248057
1,COMPLETE,17.882943813006083,2026-02-12T21:10:34.415713,2026-02-12T21:20:31.848134,597.432421,"{""best_epoch"": 781, ""effective_batch_size"": 16, ""output_dir"": ""./outputs/2026-02-12/21-10-34""}",16,788,3.725393839578879e-06,320,0.000816845589476017,OFF,2048,1.5990213464750793
2,PRUNED,26.27289897526304,2026-02-12T21:20:31.862911,2026-02-12T21:20:44.968368,13.105457,{},8,266,3.618723330959616e-07,128,0.006586289317583112,OFF,1024,2.9875668530619457
3,COMPLETE,7.428952497243881,2026-02-12T21:20:44.977264,2026-02-12T21:22:25.379466,100.402202,"{""best_epoch"": 141, ""effective_batch_size"": 48, ""output_dir"": ""./outputs/2026-02-12/21-20-45""}",48,363,5.169879442298538e-06,128,0.004544383960336014,ON,1024,1.8428035290621423
4,COMPLETE,6.50797563791275,2026-02-12T21:22:25.394902,2026-02-12T21:23:58.598073,93.203171,"{""best_epoch"": 334, ""effective_batch_size"": 64, ""output_dir"": ""./outputs/2026-02-12/21-22-25""}",64,337,3.588488911386254e-07,128,0.0017643967683381545,ON,1024,1.1906750508580708
5,PRUNED,20.98694250981013,2026-02-12T21:23:58.613626,2026-02-12T21:24:07.022682,8.409056,{},16,640,3.4902252478382486e-06,128,0.0001155735281626988,OFF,512,1.94306794322898
6,COMPLETE,6.286719843745232,2026-02-12T21:24:07.030114,2026-02-12T21:43:41.005591,1173.975477,"{""best_epoch"": 780, ""effective_batch_size"": 64, ""output_dir"": ""./outputs/2026-02-12/21-24-07""}",64,810,3.8906070987056304e-07,160,0.0011986281799901185,OFF,2048,3.6882738997704796
7,PRUNED,28.78188790678978,2026-02-12T21:43:41.440631,2026-02-12T21:43:53.708259,12.267628,{},16,973,1.8151456496577548e-07,160,0.0005336533066379613,OFF,512,3.8873418848263337
8,PRUNED,18.747127555310726,2026-02-12T21:43:54.281636,2026-02-12T21:44:08.993299,14.711663,{},32,245,6.901057779813303e-07,160,0.003336101309469784,ON,1024,3.1846490458355787
9,PRUNED,13.322301828861237,2026-02-12T21:44:09.646962,2026-02-12T21:44:42.739256,33.092294,{},48,393,4.8708496102002865e-08,128,0.002409214543666477,OFF,2048,3.8101899662102037
10,COMPLETE,2.6458409428596497,2026-02-12T21:44:43.490372,2026-02-12T21:50:19.139850,335.649478,"{""best_epoch"": 683, ""effective_batch_size"": 64, ""output_dir"": ""./outputs/2026-02-12/21-44-46""}",64,970,0.0002680906498213129,512,0.0005338943774556118,ON,2048,2.528097245899107
11,COMPLETE,2.137509874999523,2026-02-12T21:50:19.162498,2026-02-12T21:51:58.523650,99.361152,"{""best_epoch"": 961, ""effective_batch_size"": 64, ""output_dir"": ""./outputs/2026-02-12/21-50-19""}",64,996,0.0005777118255328356,512,0.00032810037077763495,ON,2048,2.4197105732823077
12,COMPLETE,2.193666201084852,2026-02-12T21:51:58.546611,2026-02-12T21:53:36.739866,98.193255,"{""best_epoch"": 953, ""effective_batch_size"": 64, ""output_dir"": ""./outputs/2026-02-12/21-51-58""}",64,968,0.0007068979731794238,512,0.00036320904652239295,ON,2048,2.5544774969929556
13,COMPLETE,2.1447768583893776,2026-02-12T21:53:36.756517,2026-02-12T21:54:58.610730,81.854213,"{""best_epoch"": 368, ""effective_batch_size"": 64, ""output_dir"": ""./outputs/2026-02-12/21-53-36""}",64,795,0.0008925635600778391,512,0.00023321334933528871,ON,2048,2.4948044703451004
14,PRUNED,3.6419161707162857,2026-02-12T21:54:58.627888,2026-02-12T21:55:58.254647,59.626759,{},64,650,7.431306793009187e-05,256,0.00019230842184480567,ON,2048,2.9340210558042568
15,PRUNED,13.092339349538088,2026-02-12T21:55:58.263856,2026-02-12T21:56:06.336006,8.07215,{},8,802,5.078856659327226e-05,512,0.0002913198150617853,ON,2048,2.1999420981511446
16,PRUNED,6.244401652365923,2026-02-12T21:56:06.345060,2026-02-12T21:56:18.859028,12.513968,{},32,639,0.0009851159436592729,512,0.00010749927072542353,ON,512,2.2893732642611995
17,PRUNED,3.596622057259083,2026-02-12T21:56:18.867404,2026-02-12T21:56:56.626505,37.759101,{},64,842,5.584705486039874e-05,512,0.0001966598783473579,ON,2048,2.7308475216690336
18,PRUNED,3.181922648102045,2026-02-12T21:56:56.638032,2026-02-12T21:57:56.043232,59.4052,{},64,508,0.0001790106423557046,256,0.0007259457479364269,ON,2048,3.3122774118868232
19,PRUNED,4.018175080418587,2026-02-12T21:57:56.054731,2026-02-12T21:58:44.387011,48.33228,{},64,898,3.074136826140698e-05,320,0.00033739662416512953,ON,512,1.0069632701069395
20,PRUNED,10.175326491892339,2026-02-12T21:58:44.398216,2026-02-12T21:58:52.559477,8.161261,{},8,726,0.00028759831870939787,512,0.0004582142365883507,ON,2048,1.6040908627686483
21,COMPLETE,2.096087124198675,2026-02-12T21:58:52.567671,2026-02-12T22:00:25.604976,93.037305,"{""best_epoch"": 652, ""effective_batch_size"": 64, ""output_dir"": ""./outputs/2026-02-12/21-58-52""}",64,914,0.0009574738509612252,512,0.0003327197233379668,ON,2048,2.4796495617455085
22,PRUNED,2.589390344917774,2026-02-12T22:00:25.627809,2026-02-12T22:01:05.138684,39.510875,{},64,904,0.0005634639662887933,512,0.00024773608837786154,ON,2048,2.2188480257702903
23,PRUNED,3.327004559338093,2026-02-12T22:01:05.149755,2026-02-12T22:01:18.627064,13.477309,{},64,543,0.00014839116657581106,512,0.00013746619359920724,ON,2048,2.6884925009209413
24,PRUNED,12.018711928278208,2026-02-12T22:01:18.636394,2026-02-12T22:01:26.472281,7.835887,{},32,719,1.5847221774417928e-05,512,0.00015597959214563235,ON,2048,2.070810423170959
25,PRUNED,10.605967089533806,2026-02-12T22:01:26.481435,2026-02-12T22:01:34.337498,7.856063,{},64,891,1.18023802175187e-08,512,0.0012233817492508729,ON,2048,2.3286444560864377
26,PRUNED,4.085827773809433,2026-02-12T22:01:34.346039,2026-02-12T22:01:52.304642,17.958603,{},48,994,0.000356444875817487,320,0.00039162485434482533,ON,2048,2.8699096324103284
27,COMPLETE,2.1904912628233433,2026-02-12T22:01:52.314214,2026-02-12T22:03:06.391871,74.077657,"{""best_epoch"": 314, ""effective_batch_size"": 64, ""output_dir"": ""./outputs/2026-02-12/22-01-52""}",64,723,0.0009945593062658286,512,0.000683572191963327,ON,2048,1.7383087676335207
28,PRUNED,3.8314223140478134,2026-02-12T22:03:06.405740,2026-02-12T22:03:13.968441,7.562701,{},64,891,9.796940815692693e-05,256,0.0002689662453705514,ON,1024,2.4544567020656256
29,PRUNED,5.1252589374780655,2026-02-12T22:03:13.977482,2026-02-12T22:03:19.848551,5.871069,{},64,566,1.755895057203573e-05,512,0.00018698432873195527,ON,512,3.1463965270204324
30,PRUNED,9.484194793676336,2026-02-12T22:03:19.856960,2026-02-12T22:03:28.023566,8.166606,{},8,70,0.00044130372579665226,512,0.00023827187214771602,ON,2048,3.4946954372700874
31,COMPLETE,2.1770306825637817,2026-02-12T22:03:28.032359,2026-02-12T22:04:41.829757,73.797398,"{""best_epoch"": 724, ""effective_batch_size"": 64, ""output_dir"": ""./outputs/2026-02-12/22-03-28""}",64,733,0.0009289727252696958,512,0.0006316777394321944,ON,2048,1.72720527272783
32,PRUNED,3.688893347978592,2026-02-12T22:04:41.845019,2026-02-12T22:04:49.708501,7.863482,{},64,758,0.00015521396687117995,512,0.0009408449830278383,ON,2048,1.3111831796362887
33,PRUNED,8.55161095658938,2026-02-12T22:04:49.717210,2026-02-12T22:04:59.314924,9.597714,{},16,833,0.0005398976968777237,320,0.0005970622244361708,ON,2048,2.024638534557446
34,PRUNED,3.7059070467948914,2026-02-12T22:04:59.324074,2026-02-12T22:05:08.258414,8.93434,{},64,925,0.00022294897130146877,512,0.00039541794899295064,OFF,2048,1.4557904784986628
35,PRUNED,3.7101303339004517,2026-02-12T22:05:08.267019,2026-02-12T22:05:14.778361,6.511342,{},48,842,0.00098908063810824,512,0.0008572530749593077,ON,1024,2.77088325796313
36,PRUNED,3.1532616913318634,2026-02-12T22:05:14.786695,2026-02-12T22:05:22.733525,7.94683,{},64,770,0.0003910427843806139,512,0.00918478268895291,ON,2048,1.7915838905859667
37,PRUNED,23.57263557712237,2026-02-12T22:05:22.742639,2026-02-12T22:05:44.888299,22.14566,{},16,675,1.1571880608753533e-06,160,0.001508565982505364,OFF,2048,2.398767793788879
38,PRUNED,5.505708411335945,2026-02-12T22:05:44.896955,2026-02-12T22:05:54.686256,9.789301,{},64,586,6.8077427411648445e-06,128,0.00048818086149976633,ON,1024,2.124210062844293
39,PRUNED,9.971902273595333,2026-02-12T22:05:54.694854,2026-02-12T22:06:08.218531,13.523677,{},32,930,0.0001007650727726767,256,0.0003061831404765736,OFF,2048,2.6099625066568883
40,PRUNED,6.555134728550911,2026-02-12T22:06:08.227636,2026-02-12T22:06:14.140856,5.91322,{},64,443,1.664895588314988e-06,512,0.0001383158204333024,ON,512,1.93857427749737
41,COMPLETE,2.1122403666377068,2026-02-12T22:06:14.149563,2026-02-12T22:07:29.552681,75.403118,"{""best_epoch"": 458, ""effective_batch_size"": 64, ""output_dir"": ""./outputs/2026-02-12/22-06-14""}",64,732,0.000976927738261241,512,0.0007159250752747305,ON,2048,1.756762652051251
42,PRUNED,3.0040948539972305,2026-02-12T22:07:29.567424,2026-02-12T22:07:37.351580,7.784156,{},64,856,0.000646523657472005,512,0.0006337437030349943,ON,2048,1.6429254429143287
43,PRUNED,3.293050080537796,2026-02-12T22:07:37.360287,2026-02-12T22:07:50.808411,13.448124,{},64,798,0.0003192032057611618,160,0.000421375150497287,ON,2048,1.4416254152143737
44,PRUNED,3.1094901263713837,2026-02-12T22:07:50.817391,2026-02-12T22:07:58.677801,7.86041,{},64,999,0.0005420776856455246,512,0.001018053262797387,ON,2048,1.8336142991180542
45,PRUNED,4.879545024037361,2026-02-12T22:07:58.686150,2026-02-12T22:08:22.899482,24.213332,{},48,676,0.00017129139232649807,128,0.0002332059859442876,OFF,2048,3.079970971530016
46,PRUNED,7.572232087453206,2026-02-12T22:08:22.908490,2026-02-12T22:08:30.870395,7.961905,{},16,950,0.0009685778459326202,512,0.001632361633629368,ON,2048,1.9193499196755466
47,PRUNED,14.466116902853052,2026-02-12T22:08:30.879690,2026-02-12T22:08:37.681778,6.802088,{},8,618,3.3670722304057374e-05,512,0.000534189728342218,ON,1024,2.456536615077471
48,PRUNED,8.486088991165161,2026-02-12T22:08:37.691636,2026-02-12T22:08:47.016154,9.324518,{},64,755,1.7174061827960107e-07,320,0.00076368532049628,ON,2048,1.5001401756263728
49,PRUNED,3.5553545504808426,2026-02-12T22:08:47.024794,2026-02-12T22:08:52.855479,5.830685,{},64,854,0.00026787216550579944,512,0.002134081797473771,ON,512,1.1193537310143056
50,PRUNED,9.731758158653975,2026-02-12T22:08:52.863862,2026-02-12T22:09:12.324413,19.460551,{},32,696,0.00011751528943438594,160,0.00035001716249984284,OFF,2048,2.8539951645657515
51,COMPLETE,2.1379950046539307,2026-02-12T22:09:12.333398,2026-02-12T22:10:27.492443,75.159045,"{""best_epoch"": 446, ""effective_batch_size"": 64, ""output_dir"": ""./outputs/2026-02-12/22-09-12""}",64,741,0.0007898533479476692,512,0.0007114235025085583,ON,2048,1.763499707955803
52,PRUNED,3.084105186164379,2026-02-12T22:10:27.507990,2026-02-12T22:10:35.385124,7.877134,{},64,801,0.00060180300834886,512,0.001113578409055611,ON,2048,1.688657322707031
53,PRUNED,3.174947015941143,2026-02-12T22:10:35.393623,2026-02-12T22:10:43.230223,7.8366,{},64,951,0.00039381002838808905,512,0.0012878460950642725,ON,2048,2.234490484467681
54,PRUNED,2.9923425167798996,2026-02-12T22:10:43.239181,2026-02-12T22:10:51.125426,7.886245,{},64,862,0.0006754868242942775,512,0.000818358300096174,ON,2048,1.2404745903793426
55,PRUNED,3.3371590822935104,2026-02-12T22:10:51.134016,2026-02-12T22:10:59.024148,7.890132,{},64,618,0.00028901694143312575,512,0.0005511515249612373,ON,2048,2.617550525305173
56,COMPLETE,2.0906077921390533,2026-02-12T22:10:59.033045,2026-02-12T22:14:21.475879,202.442834,"{""best_epoch"": 646, ""effective_batch_size"": 64, ""output_dir"": ""./outputs/2026-02-12/22-10-59""}",64,744,0.0007823190848548038,128,0.0003112388959642755,ON,2048,2.138604765900162
57,PRUNED,4.010758742690086,2026-02-12T22:14:21.496492,2026-02-12T22:14:36.898174,15.401682,{},64,784,7.312422812740814e-05,128,0.00016738477051478896,ON,2048,2.1292557672990675
58,PRUNED,3.5533085837960243,2026-02-12T22:14:36.906533,2026-02-12T22:14:52.290903,15.38437,{},64,176,0.00018676994638135332,128,0.0003147618882766106,ON,2048,2.3096617994315025
59,PRUNED,8.811170969406763,2026-02-12T22:14:52.299581,2026-02-12T22:15:07.985374,15.685793,{},8,459,0.0006786105105564949,128,0.0002179545094855575,ON,2048,2.0082904420550682
60,PRUNED,4.363844227790833,2026-02-12T22:15:07.994708,2026-02-12T22:15:16.141490,8.146782,{},48,890,0.00037674203523645807,128,0.003344566753920381,ON,512,2.3735255796076355
61,COMPLETE,2.0879385471343994,2026-02-12T22:15:16.150499,2026-02-12T22:17:16.689072,120.538573,"{""best_epoch"": 672, ""effective_batch_size"": 64, ""output_dir"": ""./outputs/2026-02-12/22-15-16""}",64,733,0.0009711690092673287,256,0.0004370928327916315,ON,2048,1.554229994142813
62,PRUNED,3.1273621320724487,2026-02-12T22:17:16.709318,2026-02-12T22:17:27.035527,10.326209,{},64,698,0.0005143075575565137,256,0.0004773763369328288,ON,2048,1.5427607093235458
63,PRUNED,2.7943371385335922,2026-02-12T22:17:27.044637,2026-02-12T22:17:37.543919,10.499282,{},64,816,0.0007497698595213323,256,0.0002757702854833384,ON,2048,1.375679131038234
64,PRUNED,3.410419948399067,2026-02-12T22:17:37.552216,2026-02-12T22:17:48.065387,10.513171,{},64,639,0.000244446359976017,256,0.00036730921436118854,ON,2048,2.5435293985555196
65,PRUNED,3.271953336894512,2026-02-12T22:17:48.074006,2026-02-12T22:17:58.597829,10.523823,{},64,746,0.00044550687246051944,256,0.0004408117728578147,ON,2048,1.8948210893438933
66,COMPLETE,1.9817022681236267,2026-02-12T22:17:58.606949,2026-02-12T22:20:08.617847,130.010898,"{""best_epoch"": 675, ""effective_batch_size"": 64, ""output_dir"": ""./outputs/2026-02-12/22-17-58""}",64,929,0.0009826171184410715,320,0.0002669348418172445,ON,1024,2.1558505363274225
67,PRUNED,2.7851529866456985,2026-02-12T22:20:08.639570,2026-02-12T22:20:15.982230,7.34266,{},64,980,0.0007391201398139467,320,0.0003218235997560612,ON,1024,2.1646715523361464
68,PRUNED,8.114055261015892,2026-02-12T22:20:15.990893,2026-02-12T22:20:23.153545,7.162652,{},32,924,0.00022438032380572433,320,0.0001954772274499379,ON,1024,2.0296601268988255
69,COMPLETE,2.170799508690834,2026-02-12T22:20:23.162855,2026-02-12T22:21:08.201683,45.038828,"{""best_epoch"": 284, ""effective_batch_size"": 64, ""output_dir"": ""./outputs/2026-02-12/22-20-23""}",64,299,0.0009941030080181247,320,0.0002832521287149002,ON,1024,2.2545932819504197
70,PRUNED,10.10259949763616,2026-02-12T22:21:08.213560,2026-02-12T22:21:15.818153,7.604593,{},16,885,0.00046306046509584964,320,0.0003982126686982818,OFF,1024,1.583554160479176
71,PRUNED,2.7928042337298393,2026-02-12T22:21:15.827326,2026-02-12T22:21:23.540193,7.712867,{},64,775,0.0007673384317637686,256,0.00026247430792876366,ON,1024,2.4837418265835307
72,PRUNED,3.2364141792058945,2026-02-12T22:21:23.549143,2026-02-12T22:21:38.893278,15.344135,{},64,822,0.0003412978709817448,128,0.00021006099465405593,ON,2048,1.8164445683693309
73,PRUNED,3.0014791190624237,2026-02-12T22:21:38.901985,2026-02-12T22:21:46.743597,7.841612,{},64,707,0.0005486955586230831,512,0.00016442641976203344,ON,2048,2.4031144580378285
74,COMPLETE,1.7832371443510056,2026-02-12T22:21:46.752974,2026-02-12T22:24:03.428598,136.675624,"{""best_epoch"": 919, ""effective_batch_size"": 64, ""output_dir"": ""./outputs/2026-02-12/22-21-46""}",64,951,0.0009860341992069433,320,0.000333592057120803,ON,2048,2.6492251247171485
75,PRUNED,2.8032679930329323,2026-02-12T22:24:03.451097,2026-02-12T22:24:13.125914,9.674817,{},64,959,0.0007423009096774015,320,0.0007069086832410866,ON,2048,2.6754863786346728
76,PRUNED,3.654007762670517,2026-02-12T22:24:13.135664,2026-02-12T22:24:22.591411,9.455747,{},64,946,0.0001292492442654864,320,0.00034073903116396036,ON,2048,2.077432441370379
77,PRUNED,10.525099031627178,2026-02-12T22:24:22.600185,2026-02-12T22:24:29.821594,7.221409,{},64,918,2.249018605774697e-08,320,0.0004966357170553462,ON,1024,3.9714463958158337
78,PRUNED,9.364107671380044,2026-02-12T22:24:29.829562,2026-02-12T22:24:39.706276,9.876714,{},8,994,0.0004699324333228555,320,0.0006081977120399163,ON,2048,2.809895308554334
79,PRUNED,4.923518490791321,2026-02-12T22:24:39.715036,2026-02-12T22:24:47.276776,7.56174,{},48,871,0.00023497193621095002,160,0.00044712880111005994,ON,512,2.95723641115652
80,COMPLETE,1.9312728494405746,2026-02-12T22:24:47.285393,2026-02-12T22:27:05.553726,138.268333,"{""best_epoch"": 950, ""effective_batch_size"": 64, ""output_dir"": ""./outputs/2026-02-12/22-24-47""}",64,970,0.00099319280973771,320,0.0003658985582273661,ON,2048,1.739614161903841
81,COMPLETE,1.8316607028245926,2026-02-12T22:27:05.571923,2026-02-12T22:29:23.003651,137.431728,"{""best_epoch"": 905, ""effective_batch_size"": 64, ""output_dir"": ""./outputs/2026-02-12/22-27-05""}",64,966,0.0009564136694582387,320,0.0003719196438594637,ON,2048,1.7639509743819184
82,COMPLETE,1.8843873739242554,2026-02-12T22:29:23.021059,2026-02-12T22:31:41.226911,138.205852,"{""best_epoch"": 742, ""effective_batch_size"": 64, ""output_dir"": ""./outputs/2026-02-12/22-29-23""}",64,972,0.0009995964789887397,320,0.0003794683912366222,ON,2048,1.6452288617126904
83,COMPLETE,1.8494430668652058,2026-02-12T22:31:41.244270,2026-02-12T22:34:01.337648,140.093378,"{""best_epoch"": 971, ""effective_batch_size"": 64, ""output_dir"": ""./outputs/2026-02-12/22-31-41""}",64,976,0.0009859273290708712,320,0.0003991833859527853,ON,2048,1.6650470345611845
84,PRUNED,3.021729737520218,2026-02-12T22:34:01.354864,2026-02-12T22:34:10.738474,9.38361,{},64,973,0.000583773090809375,320,0.0003834425999467597,ON,2048,1.6688863093825772
85,PRUNED,3.1504773646593094,2026-02-12T22:34:10.747469,2026-02-12T22:34:20.052384,9.304915,{},64,911,0.00035274045179387097,320,0.00025191081862380876,ON,2048,1.8920375148662127
86,COMPLETE,1.8612339422106743,2026-02-12T22:34:20.059807,2026-02-12T22:36:33.134005,133.074198,"{""best_epoch"": 878, ""effective_batch_size"": 64, ""output_dir"": ""./outputs/2026-02-12/22-34-20""}",64,935,0.00097242831524248,320,0.00029341263071449317,ON,2048,1.447962915577831
87,PRUNED,3.0142884999513626,2026-02-12T22:36:33.150770,2026-02-12T22:36:42.663361,9.512591,{},64,937,0.0004636881323476765,320,0.0002952811276096546,ON,2048,1.3649435096945888
88,PRUNED,9.559279050429662,2026-02-12T22:36:42.671913,2026-02-12T22:36:54.497709,11.825796,{},16,964,0.0007614824178805077,320,0.00022303431740784162,OFF,2048,1.5627178629144636
89,PRUNED,3.0254178568720818,2026-02-12T22:36:54.506008,2026-02-12T22:37:04.148609,9.642601,{},64,990,0.0005651814276583893,320,0.0004139760312256478,ON,2048,1.152917894711425
90,PRUNED,6.0826332569122314,2026-02-12T22:37:04.159027,2026-02-12T22:37:13.621549,9.462522,{},64,900,2.5031847821757065e-06,320,0.00012599990433455845,ON,2048,1.4821382168496766
91,PRUNED,2.7043510153889656,2026-02-12T22:37:13.631681,2026-02-12T22:37:23.345525,9.713844,{},64,938,0.0008924022594774781,320,0.00034419553856919813,ON,2048,1.6729122770726021
92,COMPLETE,1.991177612915635,2026-02-12T22:37:23.353025,2026-02-12T22:39:28.598773,125.245748,"{""best_epoch"": 802, ""effective_batch_size"": 64, ""output_dir"": ""./outputs/2026-02-12/22-37-23""}",64,879,0.0009855853871801993,320,0.00030405799781704654,ON,2048,1.3895345096818787
93,COMPLETE,1.9750849306583405,2026-02-12T22:39:28.614071,2026-02-12T22:41:33.686296,125.072225,"{""best_epoch"": 866, ""effective_batch_size"": 64, ""output_dir"": ""./outputs/2026-02-12/22-39-28""}",64,879,0.0009878397712484034,320,0.00030594945802593973,ON,2048,1.3275369852599808
94,PRUNED,7.564994379878044,2026-02-12T22:41:33.702175,2026-02-12T22:41:43.289494,9.587319,{},32,881,0.0003204849358937896,320,0.0001798541918192782,ON,2048,1.0596772485927137
95,COMPLETE,1.821185164153576,2026-02-12T22:41:43.297933,2026-02-12T22:44:00.494310,137.196377,"{""best_epoch"": 919, ""effective_batch_size"": 64, ""output_dir"": ""./outputs/2026-02-12/22-41-43""}",64,969,0.000998328948009231,320,0.0002442384422854246,ON,2048,1.2484327752354047
96,PRUNED,7.307825550436974,2026-02-12T22:44:00.511671,2026-02-12T22:44:09.877357,9.365686,{},64,914,4.810265551681715e-07,320,0.00025601848714696177,ON,2048,1.2607956178826871
97,PRUNED,2.9461193084716797,2026-02-12T22:44:09.885762,2026-02-12T22:44:17.151637,7.265875,{},64,973,0.0006329258797394309,320,0.00028943700728116593,ON,1024,1.3645727623664217
98,PRUNED,3.0749646723270416,2026-02-12T22:44:17.160089,2026-02-12T22:44:26.561098,9.401009,{},64,952,0.00044389983399386115,320,0.00024179303417990762,ON,2048,1.4221239440053985
99,PRUNED,3.006184905767441,2026-02-12T22:44:26.571088,2026-02-12T22:44:32.959710,6.388622,{},64,834,0.0006257502710697411,320,0.00037576681023048875,ON,512,1.2904064434666038
