dim_1,dim_2,speed,vehicle_type,direction,location,domain
-15.397509712548986,5.3979730856838515,95.0,1,1,0,sim
9.46248941529096,-8.882872919960345,40.0,0,0,2,sim
-39.91866931435122,-24.712022710447933,47.0,1,0,3,sim
-40.80000943856825,-23.358336573060008,78.0,1,0,0,sim
28.53826775404058,1.7573595470479804,31.0,0,1,3,sim
38.093810934469644,-3.4877457020820035,38.0,0,1,4,sim
-44.37404336660363,-13.846875290310829,38.0,1,0,3,sim
-15.848481212448334,23.676372521562357,47.0,1,1,3,sim
-36.72364516078852,-17.580479545326426,33.0,1,0,4,sim
43.74866352225101,-5.293659138010051,84.0,0,1,5,sim
-47.773848263004055,-15.428983073221527,42.0,1,0,1,sim
3.4888160030749633,-23.223102248046928,35.0,0,0,4,sim
-43.24648986867588,-23.93944191574029,48.0,1,0,1,sim
2.065991234432802,-17.54227441829427,39.0,0,0,1,sim
-40.5395222247959,-13.830779845042368,33.0,1,0,4,sim
36.70355081319853,3.0556908066063073,38.0,0,1,3,sim
25.462209467255914,-17.269727068329715,79.0,0,0,5,sim
38.42281514532972,4.401026694496132,23.0,0,1,4,sim
-46.142242171961314,-12.953096844050211,40.0,1,0,4,sim
-23.17435404544867,-29.191464843265145,29.0,1,0,2,sim
18.372361085337833,-17.91462513001319,65.0,0,0,5,sim
45.85296470440305,-3.9566575246501934,88.0,0,1,5,sim
42.91470200091605,-4.735907667546329,71.0,0,1,5,sim
-5.424494020856303,25.01850885814484,40.0,1,1,2,sim
32.77525876878235,-14.14436260237574,62.0,0,1,0,sim
-42.80444531532248,-19.699353456949687,31.0,1,0,1,sim
8.591471134400791,-5.506199064938057,54.0,0,0,5,sim
11.60117410909848,-6.313808335582228,35.0,0,0,2,sim
-14.791825461989214,1.978625248458414,83.0,1,0,5,sim
-19.08567506707189,5.241125695491279,84.0,1,0,5,sim
-0.06182321385748091,-19.435168866413722,36.0,0,0,3,sim
-39.66626785903496,-17.92540555310987,31.0,1,0,4,sim
-1.520718431626571,17.378066925345586,52.0,1,1,2,sim
0.44767778876787356,-18.98179202519821,44.0,0,0,1,sim
9.788050630566534,-6.0593515750744755,38.0,0,0,2,sim
42.397199437371754,-7.825235094182483,64.0,0,1,5,sim
29.02796314747277,-2.37425795598437,37.0,0,1,1,sim
-27.176257453587002,-22.2093608718182,40.0,1,0,2,sim
21.997666340112023,-18.688799366719962,94.0,0,0,5,sim
9.021162804122284,-22.644643916103668,49.0,0,0,2,sim
-32.269949445767736,-13.899046144885489,38.0,1,0,2,sim
-16.93183390150507,2.721182080275442,83.0,1,1,0,sim
9.457170188776699,-23.242160646501446,96.0,0,0,5,sim
31.72510198365706,1.4236522435736312,40.0,0,1,3,sim
40.086271693414005,-13.677642697035362,28.0,0,1,2,sim
-29.35632344296998,-26.375498679052455,77.0,1,0,0,sim
10.155621822334425,-14.144428828206731,73.0,0,0,0,sim
40.0347634252997,-16.813458912388604,23.0,0,1,4,sim
-17.263583309305318,15.113422402573883,38.0,1,1,1,sim
28.727239734327263,-16.589355941539836,60.0,0,0,5,sim
2.890223186691421,-16.455593009626448,34.0,0,0,3,sim
25.309662229009483,-19.80051390066471,67.0,0,0,5,sim
0.04732756385358594,-20.250793622949494,41.0,0,0,3,sim
2.8481619241553906,-25.126574666229374,38.0,0,0,4,sim
40.50241670432722,5.182581355748196,28.0,0,1,4,sim
-11.007093997058766,16.540204953440636,30.0,1,1,4,sim
0.6837650312698487,20.601076413358356,94.0,1,1,5,sim
21.652025689304836,-8.148725675669489,52.0,0,1,1,sim
3.9517859613135524,-19.47038417853608,37.0,0,0,4,sim
42.91191157232403,0.0300488084079511,42.0,0,1,3,sim
29.323827530487417,0.7671013943191411,39.0,0,1,1,sim
-10.295630599797933,22.256262680465255,35.0,1,1,3,sim
46.25398992249832,-2.300377258351153,29.0,0,1,2,sim
-2.2172498275234043,-17.46338985723154,48.0,0,0,3,sim
-6.588107394245505,13.22857279007635,37.0,1,1,3,sim
-12.494052582897027,24.26865979228303,39.0,1,1,3,sim
39.16662066727076,-6.7506004515798,35.0,0,1,2,sim
-7.757170262570375,15.335724889006153,37.0,1,1,4,sim
-39.73634340146096,-21.204660689086055,24.0,1,0,4,sim
38.943167944161914,0.8505820948056453,32.0,0,1,4,sim
-14.45027161852074,-25.306490194003104,90.0,1,0,5,sim
40.29476663046586,-15.734843977296828,109.0,0,1,0,sim
29.04252882620046,-20.41751109473225,72.0,0,1,0,sim
21.672389971623776,-5.488020406343899,38.0,0,1,4,sim
-7.4070087843722465,19.859679121006565,48.0,1,1,3,sim
0.7170096943952546,16.621915298702305,33.0,1,1,2,sim
43.37919239162642,-3.617335691253603,43.0,0,1,2,sim
20.91819379834717,-23.372975784675596,79.0,0,0,5,sim
-1.5100897983281378,-9.252764713903842,31.0,0,0,2,sim
6.274640488682571,-19.92507256369106,89.0,0,0,0,sim
-2.8540796942389943,-24.187437135626396,32.0,0,0,3,sim
-10.024739177479342,18.422962100306215,31.0,1,1,4,sim
35.7952236395256,-5.85551133348979,39.0,0,1,1,sim
-21.685187277713183,16.461427699533225,23.0,1,1,4,sim
40.78144008173284,-13.807242366204541,41.0,0,1,2,sim
-1.541675854911817,-24.286700740712533,32.0,0,0,4,sim
-28.37213975234765,-25.42029377363466,70.0,1,0,0,sim
-14.119837652846863,-25.23320672816321,82.0,1,1,0,sim
12.311645102836211,-20.188522342924774,60.0,0,0,0,sim
29.36490997354975,-17.730772070603436,74.0,0,0,5,sim
26.4771242886266,-18.584990012371833,79.0,0,1,0,sim
28.265857747238876,-16.739250522478635,59.0,0,1,0,sim
-15.921826142445974,2.6919639001835876,92.0,1,1,0,sim
-17.15572099237123,3.0673857739426325,80.0,1,1,0,sim
-0.6020215115874548,-18.817055680018775,39.0,0,0,3,sim
28.817140515162848,-13.323220184053465,100.0,0,1,0,sim
-14.077844901306339,22.27696286207363,38.0,1,1,2,sim
-15.65062071126334,23.737007345503933,43.0,1,1,3,sim
-39.28474219291306,-14.996427097835717,39.0,1,0,1,sim
25.760457774533993,-19.883528608574863,78.0,0,0,5,sim
30.50400200292024,-3.007980367582688,44.0,0,1,1,sim
-41.47069460063611,-26.56737562130823,36.0,1,0,2,sim
-25.589213948799703,-7.42558147707388,74.0,1,0,5,sim
11.270411539289501,-19.657470619169878,54.0,0,0,2,sim
-1.327801654067136,-11.70792310717072,30.0,0,0,4,sim
8.704768024656602,-5.378957083375214,53.0,0,0,5,sim
-39.415057515907364,-16.938791222384783,29.0,1,0,3,sim
-26.308239981215134,-26.710257893534212,93.0,1,0,0,sim
25.996679864577967,-17.9502871886154,71.0,0,0,5,sim
1.0568034441873806,22.351512824543583,94.0,1,1,5,sim
4.760790156303557,-12.585568240293025,106.0,0,0,0,sim
-10.051331867134405,17.6847059176923,31.0,1,1,4,sim
-5.4272048242286495,-13.890466569780887,40.0,0,0,3,sim
38.9634281154149,-8.85092317837687,31.0,0,1,4,sim
29.87415417150561,-5.519911597789525,32.0,0,1,2,sim
-4.712677513453154,21.06607430371664,56.0,1,1,5,sim
-15.568040100913972,14.230376344618767,34.0,1,1,1,sim
2.2038582215814304,-24.076901696633854,40.0,0,0,4,sim
-19.06227137671198,1.113465527251062,59.0,1,1,0,sim
-11.239125128519586,13.09654171101939,39.0,1,1,1,sim
-37.02541733593408,-25.796202855054084,48.0,1,0,3,sim
-38.73671459062143,-26.068601989396562,47.0,1,0,3,sim
-17.83502843121652,-0.6628060510889702,87.0,1,0,5,sim
1.6792980104630217,16.302068954953803,29.0,1,1,4,sim
29.81451843541522,-19.799433478885476,69.0,0,1,0,sim
-28.646340604162393,-27.25801927199246,66.0,1,0,0,sim
-20.50045509124511,15.133968730984238,26.0,1,1,4,sim
-25.444940554394282,-29.461168666496057,38.0,1,0,2,sim
17.816780415362807,-17.729495888302505,70.0,0,0,5,sim
8.56498454519775,-17.540199741088415,47.0,0,0,2,sim
-43.74882565648309,-17.88854578107356,39.0,1,0,3,sim
-7.159914562643395,15.227932221114019,38.0,1,1,4,sim
-24.460121310522904,-26.216861895951418,39.0,1,0,2,sim
-33.930436804919296,-8.601137240280067,49.0,1,0,3,sim
-26.17442735696958,-28.900836636624177,39.0,1,0,2,sim
-6.131939474956072,-16.505692643137955,50.0,0,0,1,sim
42.3320240857217,-15.778140279495892,43.0,0,1,2,sim
28.890085783140126,-6.752787917507149,41.0,0,1,1,sim
6.118521601287221,-26.052108028905337,23.0,0,0,4,sim
-6.639486570803448,29.335062723606065,30.0,1,1,2,sim
35.51954480424065,1.6134390173611823,30.0,0,1,4,sim
-8.445021540266179,18.326412480098625,38.0,1,1,3,sim
6.657429456659692,-13.799593385050954,83.0,0,0,0,sim
6.8665331194994526,-7.962532967960014,53.0,0,0,3,sim
-9.87072121199862,4.385375993287356,109.0,1,1,0,sim
36.08546049876263,0.9456360546663358,38.0,0,1,3,sim
36.20957787430541,-2.8534191976279075,47.0,0,1,1,sim
36.81297440556155,-0.23826843977362344,33.0,0,1,4,sim
-1.1170639155061033,-21.223848439115905,33.0,0,0,4,sim
33.19614540386736,-4.348540048701102,34.0,0,1,3,sim
-5.025646422459562,9.63176204361571,46.0,1,1,1,sim
12.287492927388183,-6.798835329868147,31.0,0,0,2,sim
-11.990913210469943,15.290074797402491,30.0,1,1,4,sim
29.724531924280846,-7.139504221396992,30.0,0,1,1,sim
44.504531223156064,-6.1267199797183585,73.0,0,1,5,sim
-24.64549220006496,-23.154607537589143,55.0,1,0,5,sim
-40.74119914963768,-11.299083282846427,35.0,1,0,3,sim
0.7428605375034194,-23.310287895658554,39.0,0,0,1,sim
-37.399787487466384,-23.88827249058418,44.0,1,0,1,sim
-16.65515536469124,0.31891167204348125,106.0,1,1,0,sim
42.557929109058435,-14.082623758535622,70.0,0,1,5,sim
-7.861483919530869,25.956788947529773,44.0,1,1,2,sim
-40.465244408391314,-18.410150371282512,26.0,1,0,4,sim
-26.864009919401834,-11.747900067399623,68.0,1,0,5,sim
38.85163625138482,4.2927749591070175,28.0,0,1,3,sim
-6.172378440569926,-13.30670983198797,38.0,0,0,3,sim
-28.97053167323543,-14.355341640281106,54.0,1,0,2,sim
43.787602345697465,-12.97637815473934,47.0,0,1,2,sim
-19.037000813689577,17.754277007686817,41.0,1,1,4,sim
11.879311687299802,-6.452131264583578,32.0,0,0,2,sim
28.783562228133466,-11.952346198562138,106.0,0,1,0,sim
11.059363098460935,-5.468917964956586,29.0,0,0,2,sim
-7.97912784969792,-14.826190292632536,31.0,0,0,4,sim
10.200350053019719,-5.171693328698074,38.0,0,0,2,sim
18.316721537981206,-22.986883272222556,56.0,0,0,5,sim
-8.029227463021115,15.989121981559697,46.0,1,1,1,sim
-15.929524734677209,5.304806571309223,83.0,1,1,0,sim
27.066623256418907,0.3419185210153426,41.0,0,1,1,sim
46.61551688015169,-6.03893886865567,98.0,0,1,0,sim
-20.37424977311911,3.9616517445367307,73.0,1,1,0,sim
-5.1969195391423595,-20.688200260647527,43.0,0,0,3,sim
4.922670818209217,-12.817515986194547,100.0,0,0,0,sim
44.32497699013548,-15.625624765391791,29.0,0,1,1,sim
46.6417531033819,-10.339647991355132,98.0,0,1,5,sim
-19.269096540164472,4.965650684716037,85.0,1,1,0,sim
-31.521573334776317,-12.26126425685419,32.0,1,0,2,sim
-20.09850252000963,17.725283200790322,32.0,1,1,1,sim
-26.87840999586041,-26.493556828144357,50.0,1,0,2,sim
-6.86202527900131,29.76769271859184,29.0,1,1,2,sim
-3.4595798999031118,27.6329616168821,49.0,1,1,2,sim
-45.93750006901881,-14.910746609683546,35.0,1,0,4,sim
12.694006001230221,-10.99445279334706,44.0,0,0,3,sim
-0.6417970669694294,-13.08572239463048,35.0,0,0,3,sim
25.55827454285067,-18.97997025822096,72.0,0,0,5,sim
5.765966652541153,-14.880023531597999,77.0,0,0,0,sim
41.244815308208715,-8.10097907031657,66.0,0,1,5,sim
-6.038812872181416,13.643513852313893,46.0,1,1,3,sim
5.325371349292639,-8.500080111003568,52.0,0,0,1,sim
-47.113266902335766,-14.522031819883573,43.0,1,0,4,sim
36.83723906403944,6.911097868270719,31.0,0,1,4,sim
-27.890156417530175,-16.41650812390691,104.0,1,0,0,sim
-39.921259523002334,-20.372591044762324,23.0,1,0,4,sim
-42.404681494134834,-13.86727061397031,38.0,1,0,3,sim
-39.96393859038936,-14.579517181905409,38.0,1,0,1,sim
-28.935704501522174,-4.349439413106152,75.0,1,0,5,sim
10.749446383775016,-11.919910933843695,69.0,0,0,5,sim
-40.512962963800575,-13.230416058398472,34.0,1,0,3,sim
-30.648572591276476,-19.05460817844363,100.0,1,0,0,sim
-3.926293983298664,-23.95800290302482,27.0,0,0,4,sim
-6.947655570447936,-7.939851756032031,50.0,1,1,1,sim
-1.5743942581054406,-19.977970537916125,46.0,0,0,1,sim
-29.950021774635754,-27.272733898703663,80.0,1,0,0,sim
-30.333929558270782,-15.73705651420666,46.0,1,0,2,sim
-28.422972032389335,-26.697673764575057,76.0,1,0,0,sim
-43.68678249276326,-14.705514942201455,41.0,1,0,1,sim
-8.771175555861996,-13.696714379606044,31.0,0,0,4,sim
27.465756354076042,-21.20951818525576,77.0,0,1,0,sim
-2.246025172527201,22.21253923380298,70.0,1,1,5,sim
-5.13549289142746,23.30206286990368,41.0,1,1,2,sim
-0.0859900975069513,22.8805096368719,86.0,1,1,5,sim
-27.166201124651657,-2.924651095305719,62.0,1,0,5,sim
-0.45600635803096423,-16.710537756433723,39.0,0,0,3,sim
46.59046847449736,-10.43768001816536,85.0,0,1,5,sim
-45.42085881559821,-16.571117997917103,43.0,1,0,3,sim
36.34837943083683,6.116673685043478,41.0,0,1,3,sim
26.102965731600403,-0.5416774730784404,37.0,0,1,1,sim
-47.24229926096476,-13.478105784656748,39.0,1,0,1,sim
-41.04952586785765,-16.38814366519516,36.0,1,0,1,sim
-26.9224017534275,-6.923484675864741,80.0,1,0,5,sim
-28.419257148977465,-20.211367411162897,52.0,1,0,2,sim
-45.534339037216114,-14.489694337990334,37.0,1,0,1,sim
-0.41961624628228616,23.41689520489396,80.0,1,1,5,sim
0.16461616136233015,-16.25630846921379,33.0,0,0,4,sim
41.91333942535688,-9.706961682784977,60.0,0,1,5,sim
18.506784116651584,-21.119911352097702,90.0,0,0,5,sim
41.70579492275334,-15.862278731945688,39.0,0,1,2,sim
37.46894107089403,4.949685666323264,26.0,0,1,4,sim
-26.852775378254545,-28.572317037414308,57.0,1,0,0,sim
41.16621585508577,-12.362969384226453,41.0,0,1,2,sim
-36.29802740486127,-23.001703858914176,47.0,1,0,1,sim
-1.5871508860838068,22.92238665515928,69.0,1,1,5,sim
0.5257009533332131,-14.209774880641163,46.0,0,0,3,sim
-41.94515986588003,-14.846616909449816,37.0,1,0,4,sim
-0.3423254075240748,26.35805713864457,48.0,1,1,2,sim
-2.819335673355785,-22.287531757885326,38.0,0,0,1,sim
-5.146724256048963,15.979626691881391,32.0,1,1,2,sim
-41.39772342445224,-17.90515420730288,34.0,1,0,4,sim
-13.771135134397136,7.213833249509836,58.0,1,1,5,sim
33.84301912423382,2.5065330876486627,31.0,0,1,1,sim
10.616978676768833,-6.975723141862101,35.0,0,0,2,sim
-36.3094973665972,-19.013032189764285,31.0,1,0,4,sim
1.9058628101758321,22.045381641934313,88.0,1,1,5,sim
5.132728945874382,-14.079480733862013,98.0,0,0,0,sim
-6.408863264080104,18.27814688958751,47.0,1,1,3,sim
-16.46136450729172,3.5875235548022726,95.0,1,1,0,sim
-33.765105403978666,-14.960617311396264,54.0,1,0,3,sim
-46.06369032235281,-12.733680263168093,39.0,1,0,3,sim
-17.29672348203003,20.248070735950733,37.0,1,1,2,sim
-6.207096424042689,10.735452948944117,49.0,1,1,1,sim
28.39180466974852,-18.078846692858747,57.0,0,1,0,sim
44.40520615044973,-5.9901076510540365,69.0,0,1,5,sim
-31.593220212097005,-9.368497630735835,35.0,1,0,2,sim
-27.94892353414522,-3.076448158515182,57.0,1,1,0,sim
-5.016647942601338,19.562026996435172,98.0,1,1,5,sim
41.703890254796846,-9.082341128133713,74.0,0,1,5,sim
-39.81895948848786,-10.937079862795805,33.0,1,0,1,sim
-27.462194979808576,-24.9977677271607,60.0,1,0,0,sim
-11.64468167444884,12.556099048054358,36.0,1,1,1,sim
-38.53395685279472,-25.82611187294325,50.0,1,0,1,sim
-39.061973575367944,-25.31339253474416,50.0,1,0,1,sim
35.68249131675611,-2.010064387475671,50.0,0,1,1,sim
-30.971297117420647,-19.958152595569775,92.0,1,0,0,sim
-39.413635794551524,-20.696183721601557,29.0,1,0,1,sim
7.882975497701285,-21.764772381426923,83.0,0,0,0,sim
32.58931102319676,6.3139903843923815,24.0,0,1,4,sim
42.890189596102815,-6.213650480590266,74.0,0,1,5,sim
-24.84268361573852,-4.603384336923147,54.0,1,0,5,sim
30.20858172098284,-17.344329500060525,83.0,0,1,0,sim
-8.088161914218391,18.71921100940976,34.0,1,1,3,sim
-2.790980315307914,17.381306641841384,35.0,1,1,4,sim
-27.20994697170567,-9.018833131579699,71.0,1,0,5,sim
24.62069997774754,-19.131830637157925,60.0,0,1,0,sim
-6.620212257502254,-8.22343358894204,44.0,1,1,1,sim
-11.277422098294497,24.018400583819265,41.0,1,1,3,sim
-18.79401278009223,17.63911080172413,28.0,1,1,4,sim
-38.92162483015031,-20.922516476637828,30.0,1,0,3,sim
26.932493641488076,-17.02159448521586,88.0,0,0,5,sim
-10.364507460360768,13.47866562186344,38.0,1,1,1,sim
-7.914826614529371,23.169688047280445,42.0,1,1,2,sim
-18.36253800646609,-2.3729537156511515,86.0,1,0,5,sim
23.803191597936344,-21.740634694816723,73.0,0,1,0,sim
40.107661299443734,-14.666634330986557,40.0,0,1,2,sim
11.610966742251476,-5.603987947059396,30.0,0,0,2,sim
31.648572114749204,-13.361922023296913,92.0,0,1,0,sim
-45.31927669153289,-20.775492328425354,41.0,1,0,3,sim
27.446799648404365,1.4740371587597387,41.0,0,1,1,sim
-37.178136766075085,-20.048845523085667,28.0,1,0,3,sim
38.73111396374556,0.2708884159321743,39.0,0,1,3,sim
-38.05389951542375,-18.825719695368612,24.0,1,0,4,sim
1.29532689874732,16.540568278689513,38.0,1,1,2,sim
19.18147575206426,-22.783521649995407,70.0,0,0,5,sim
43.23411071721591,-6.317067429749049,78.0,0,1,5,sim
-28.06783533630081,-15.027594002541393,46.0,1,0,2,sim
-4.70337773002063,-12.499470793193584,38.0,0,0,1,sim
-1.3583194956628408,22.627112619368987,67.0,1,1,5,sim
-27.967423270276868,-21.955761160145848,83.0,1,0,0,sim
-34.31727335301153,-21.824737365800104,54.0,1,0,1,sim
0.9150902570728912,-16.240509606860016,42.0,0,0,3,sim
2.2126835768228164,-25.32311314072652,42.0,0,0,1,sim
30.551394140164025,-16.14661130637476,88.0,0,1,0,sim
-32.96965518568817,-23.792456362586044,40.0,1,0,3,sim
-4.8020881422258705,-12.394232377636044,33.0,0,0,1,sim
-47.96595451470667,-15.715759669487095,41.0,1,0,3,sim
-10.270649829450315,25.241745067457344,39.0,1,1,2,sim
19.905008751005738,-21.628120353702947,70.0,0,0,5,sim
-9.957910782326056,21.981249809538845,31.0,1,1,3,sim
42.43675524077376,-5.500258060729725,94.0,0,1,5,sim
27.908516136994127,-5.568898682364597,49.0,0,1,3,sim
29.54092688051004,-19.17024398339489,70.0,0,1,0,sim
-1.573139281045154,-10.271086178302378,29.0,0,0,3,sim
5.226805741315414,-15.71281461374301,104.0,0,0,0,sim
45.6226433894342,-3.4306915338431416,53.0,0,1,2,sim
25.910178162698482,-17.16862070986395,69.0,0,0,5,sim
6.400117123075739,-25.655740225758386,29.0,0,0,4,sim
38.55645400296146,5.80742852703092,29.0,0,1,4,sim
-5.740551851441615,-14.278860636953832,42.0,0,0,4,sim
-36.07807530506949,-24.707014952961806,46.0,1,0,1,sim
-47.771130056168815,-14.528463175295773,39.0,1,0,4,sim
-2.327119910239553,-12.495483606519317,40.0,0,0,1,sim
-5.131488407031501,-17.122151882790835,39.0,0,0,1,sim
42.77053066301984,-0.518114291838847,33.0,0,1,4,sim
42.32786010738779,-6.222224162720737,56.0,0,1,5,sim
-37.20589590528644,-18.693717955446388,30.0,1,0,4,sim
-23.480005169353042,-5.311209689356675,65.0,1,1,0,sim
21.458965309783135,-15.72970492589001,55.0,0,0,5,sim
-19.732249150903247,19.403090597366486,27.0,1,1,4,sim
-3.347669351123189,-13.412910980875408,28.0,0,0,4,sim
-22.82173657864572,19.551461001325983,62.0,1,1,0,sim
2.4576432294225268,23.590752372948856,52.0,1,1,2,sim
31.516842026510464,-3.2699729023909687,38.0,0,1,1,sim
33.788740649704536,-0.6289265483229096,31.0,0,1,3,sim
-0.22850483762512946,26.292615029893497,41.0,1,1,2,sim
-38.68005036565829,-12.535348619077514,41.0,1,0,3,sim
37.23900776906001,7.34291606025824,29.0,0,1,4,sim
35.73454886721457,-2.380951620548485,41.0,0,1,4,sim
27.911368026338284,-16.426404794785217,74.0,0,1,0,sim
-39.440732613083185,-13.298612256598293,38.0,1,0,3,sim
-19.499784363795815,-2.3603635489474253,78.0,1,0,5,sim
-6.659303139846901,17.722807698980688,36.0,1,1,3,sim
6.6143910610455,-20.465525081363566,95.0,0,0,0,sim
27.421215133183797,-13.05301530892742,80.0,0,1,0,sim
28.68310378503224,-5.578970944794811,39.0,0,1,1,sim
-15.058514630649752,13.229137085326007,52.0,1,1,1,sim
31.038277243166217,-1.9853344945032738,52.0,0,1,3,sim
34.04710195554051,1.852537519151058,32.0,0,1,4,sim
-4.081592913722613,-16.808354124963216,52.0,0,0,3,sim
-15.108373505281483,2.6976851931132284,98.0,1,1,0,sim
35.42780877632231,3.381181238981954,38.0,0,1,1,sim
2.237109056581846,-24.0192727024481,35.0,0,0,4,sim
-15.808090086396962,23.674411668510167,26.0,1,1,4,sim
9.518420464033387,-15.686398503322101,43.0,0,0,2,sim
-17.901393340635195,2.834066769570301,77.0,1,1,0,sim
-3.61000140421672,-20.912912004527985,38.0,0,0,3,sim
40.009142415470194,-4.215616214233592,37.0,0,1,3,sim
-44.42267497346167,-19.019265197947277,26.0,1,0,4,sim
-39.75414998015684,-12.962201491910896,38.0,1,0,4,sim
6.335386522500713,-8.955541274986109,53.0,0,0,1,sim
32.22375418658807,3.5143947768146795,53.0,0,1,3,sim
-41.49311081054047,-23.059892097526337,31.0,1,0,3,sim
31.267160026744584,-17.587560641939927,83.0,0,0,5,sim
-10.685759714785833,20.486342674260996,32.0,1,1,3,sim
-41.68474113674871,-16.33526256484747,35.0,1,0,1,sim
-27.542337659329363,-12.364534480211745,74.0,1,0,0,sim
-12.942362699070074,19.861503977706583,49.0,1,1,3,sim
-19.47713341457746,6.982844332523159,77.0,1,1,0,sim
43.3637969330498,-4.282625213178583,88.0,0,1,5,sim
41.567581514979224,-11.983430168096344,49.0,0,1,2,sim
36.16676600905525,-6.656021608142667,31.0,0,1,4,sim
27.509800873539824,-16.035098367895472,80.0,0,0,5,sim
40.76447865572254,-8.131202336960238,41.0,0,1,2,sim
-40.445379429708595,-19.47789979378299,29.0,1,0,4,sim
-9.157950964017658,24.510322137776207,38.0,1,1,2,sim
-0.015689039613447142,-13.24844464683592,38.0,0,0,4,sim
22.656964651262808,-19.891631769646978,84.0,0,0,5,sim
43.82217173238068,-2.0738057326899213,33.0,0,1,2,sim
-5.406415973236309,21.59550796524303,72.0,1,1,5,sim
-13.30120122251846,15.268950639251537,32.0,1,1,4,sim
-26.38132519237305,-9.035481259709536,79.0,1,0,5,sim
-8.660436885819028,26.46927894208543,43.0,1,1,2,sim
-3.8033547307200726,25.34643943287493,66.0,1,1,5,sim
-9.837482824883844,4.414830300457071,104.0,1,1,0,sim
-24.606150702356334,-26.900071369667778,39.0,1,0,2,sim
-42.37988618889199,-19.570464761093675,35.0,1,0,4,sim
-30.219511248572285,-16.541421086370885,46.0,1,0,2,sim
34.634319441550275,-1.2669429169397164,31.0,0,1,1,sim
9.985182315650178,-13.215360013889619,62.0,0,0,0,sim
-26.31816978199815,-10.198150809465224,67.0,1,0,5,sim
27.82397121236576,-17.5262161654874,54.0,0,0,5,sim
-21.79201727267838,15.488516332488045,37.0,1,1,1,sim
46.52275188560883,-8.52209159664012,86.0,0,1,5,sim
-21.691345985792164,17.06225531122884,33.0,1,1,1,sim
-47.81028727072612,-18.422355082956976,37.0,1,0,3,sim
-45.934165306297345,-12.656908810718313,40.0,1,0,3,sim
26.512106050503732,-19.31056954901232,62.0,0,1,0,sim
27.546246857333404,1.1224160231423772,41.0,0,1,1,sim
31.9190736211208,-5.9299448788025355,50.0,0,1,3,sim
-16.93295254207247,1.638798155347697,87.0,1,1,0,sim
-31.78365833933547,-13.146181604450854,41.0,1,0,2,sim
-1.531011905461464,-19.975284906133794,47.0,0,0,1,sim
-11.240379840838164,16.286654089242873,30.0,1,1,1,sim
-7.3139104408449995,9.660511588274467,46.0,1,1,1,sim
2.4374955812321857,-11.390907824117656,48.0,0,0,1,sim
-6.527426618348533,29.05100375857468,30.0,1,1,2,sim
-35.39527545994228,-24.01446653680503,43.0,1,0,1,sim
-34.64614168360359,-22.146619199802345,53.0,1,0,1,sim
-39.64806683302753,-25.98679106756903,53.0,1,0,3,sim
-36.614942930561185,-24.80690503842449,46.0,1,0,3,sim
8.35893245124388,-12.331377407380266,43.0,0,0,2,sim
-3.5125379526672567,-17.879064430443616,46.0,0,0,3,sim
33.96242368116637,2.1817422914041646,43.0,0,1,4,sim
-32.086863541638564,-21.520359385904907,37.0,1,0,3,sim
-3.8050799423354236,24.951607867131948,68.0,1,1,5,sim
-1.9958591299493003,-16.399371503231237,49.0,0,0,1,sim
-8.033517743934741,20.888164794065403,38.0,1,1,3,sim
-11.989942155399085,23.03887838584179,40.0,1,1,3,sim
-13.611815551497925,13.790140476644263,28.0,1,1,4,sim
-15.957708778056336,3.6135251682444736,89.0,1,1,0,sim
21.279419024767815,-21.547629144618803,70.0,0,0,5,sim
-38.93678218514731,-19.39022849066656,31.0,1,0,4,sim
24.91937953029198,-20.272117490908247,71.0,0,1,0,sim
7.685839447642591,-16.92041785692924,80.0,0,0,0,sim
-38.56028084160208,-12.51421082481592,39.0,1,0,3,sim
9.850234647056704,-17.377242748233066,76.0,0,0,0,sim
1.0353734154497525,-13.25361127754811,30.0,0,0,4,sim
37.36469868830608,-2.256664807708195,43.0,0,1,1,sim
-9.607946415259626,15.901865095194912,33.0,1,1,4,sim
0.7255681645881851,-25.690752797743535,30.0,0,0,3,sim
-2.7619502807315315,19.431552928972856,39.0,1,1,2,sim
-6.640043234328664,16.85879245662599,37.0,1,1,4,sim
-41.18569231150569,-11.147015907295142,38.0,1,0,3,sim
-24.54044458273963,-29.499083794715446,44.0,1,0,2,sim
39.18665563216564,-15.614101867115304,39.0,0,1,2,sim
-22.354218243396108,15.249824846215636,39.0,1,1,1,sim
-28.454922921570823,-26.969461807178945,78.0,1,0,0,sim
-6.569205799113616,17.21567221059744,40.0,1,1,3,sim
21.32668447181238,-8.283087502570277,54.0,0,1,1,sim
-34.85169455016768,-26.467273802908785,50.0,1,0,3,sim
-5.177912154588851,24.374984204646168,60.0,1,1,5,sim
9.690908209655117,-14.805670527252245,57.0,0,0,0,sim
-7.4383310098789215,-15.044590439249653,31.0,0,0,4,sim
-22.87455485445215,-6.160413475028296,71.0,1,0,5,sim
40.698627923649056,-13.727073641268573,39.0,0,1,2,sim
-7.072453214836576,9.637136861274323,44.0,1,1,1,sim
7.568235179635318,-20.96973141767898,82.0,0,0,0,sim
-16.804279518911855,12.56148221772006,52.0,1,1,1,sim
-14.410845276767931,15.025416890308955,41.0,1,1,1,sim
1.7327155641976755,-9.014664891188904,50.0,0,0,3,sim
32.000177652278055,1.7447609476949042,36.0,0,1,1,sim
7.0151358785969915,-18.02502301499752,95.0,0,0,0,sim
36.84171285619732,5.27039284611392,36.0,0,1,3,sim
38.59435471320691,2.802656689881589,46.0,0,1,1,sim
-2.46406698832711,-11.375849063067907,30.0,0,0,3,sim
-17.19682983875305,-4.839096130501111,69.0,1,0,5,sim
27.32416134938322,-13.035947223374496,85.0,0,1,0,sim
44.18025224305049,-14.98704337906674,33.0,0,1,4,sim
20.147801791876436,-21.418843996849667,64.0,0,0,5,sim
-27.902782929825857,-16.083715394076997,106.0,1,0,0,sim
-8.768180873100192,22.815944075401703,38.0,1,1,2,sim
-30.53971161357232,-15.752123902823854,37.0,1,0,2,sim
-40.353036511986986,-19.03569048821703,31.0,1,0,4,sim
-26.770296032096294,-27.377499213042412,77.0,1,0,0,sim
5.188024135393838,-21.52724394782102,33.0,0,0,4,sim
10.579124702234013,-13.535604197027759,77.0,0,0,0,sim
12.971159169692058,-7.420506975862688,37.0,0,0,3,sim
23.63443089510186,-20.930436349652915,76.0,0,0,5,sim
-27.30376938943356,-29.235232893260722,81.0,1,0,0,sim
0.49914076400278606,20.532566080670584,96.0,1,1,5,sim
-27.45516001076654,-19.50014778311825,85.0,1,0,0,sim
-19.450979751152545,17.293949295237567,42.0,1,1,4,sim
1.0018157657408087,-23.594727221048565,25.0,0,0,4,sim
43.00397570763471,-14.580123987460025,63.0,0,1,5,sim
-24.813267629976497,-27.410305677014435,30.0,1,0,2,sim
-15.014654708379245,14.28728399012194,40.0,1,1,1,sim
9.364186954630908,-20.802485308689786,48.0,0,0,2,sim
21.46132872005712,-23.385580723251877,88.0,0,0,5,sim
-0.5658911871084226,-18.276951401171022,39.0,0,0,1,sim
-3.5013068838380588,-18.563241838483822,43.0,0,0,3,sim
-14.492008096921621,4.151902539274012,77.0,1,1,0,sim
-40.902648431068755,-19.427567575254272,33.0,1,0,4,sim
-7.365979251390587,16.811142294158984,39.0,1,1,1,sim
-45.967240988202576,-20.421016103589643,43.0,1,0,3,sim
2.0020166214016757,-14.033166560050425,32.0,0,0,4,sim
2.814306996809323,-16.436245920716757,35.0,0,0,1,sim
-19.5644703818536,18.70179910371207,37.0,1,1,1,sim
-5.4617057498453665,14.554151592121896,46.0,1,1,3,sim
-31.798978779578185,-12.842111112533345,41.0,1,0,2,sim
10.087357295690133,-13.70606025967329,60.0,0,0,0,sim
31.38039835804518,1.7831424125948923,30.0,0,1,3,sim
-6.112731470901062,-19.86534072986726,28.0,0,0,4,sim
-37.90904552130283,-14.078327793383199,43.0,1,0,1,sim
-4.8091435309024915,-15.042143937721193,49.0,0,0,3,sim
-4.68873217045573,20.270627000657605,90.0,1,1,5,sim
-27.981906286045312,-20.996164341045805,82.0,1,0,0,sim
7.4804759810013906,-19.092934140703903,93.0,0,0,0,sim
28.500045895605393,-13.207680060173828,87.0,0,1,0,sim
8.566361560203791,-16.0715073873235,80.0,0,0,0,sim
-26.757156045432236,-9.462219680951499,74.0,1,0,5,sim
42.564944617769555,-8.847120366414298,72.0,0,1,5,sim
-14.515627083735767,-25.995842746645735,85.0,1,0,5,sim
-8.577912552826875,18.096771542954862,39.0,1,1,3,sim
-9.560423227127552,13.306330405520283,28.0,1,1,1,sim
27.00425653786604,-20.157536105642222,82.0,0,1,0,sim
36.76090098491349,-3.978334504242406,35.0,0,1,1,sim
5.444481447909476,-14.49435047204261,109.0,0,0,0,sim
-6.212392708867498,-15.922229539401622,31.0,0,0,3,sim
7.22039680740348,-16.84722700183334,82.0,0,0,0,sim
41.55966105789123,-10.572732118364177,55.0,0,1,5,sim
-23.1319827307468,-5.731309790402445,66.0,1,0,5,sim
-9.478627835364316,28.78017700902769,40.0,1,1,2,sim
9.03410645312518,-12.696610462643676,44.0,0,0,2,sim
-18.863559180780292,14.334645270755109,35.0,1,1,1,sim
40.482091367577354,-0.6715913642053879,25.0,0,1,4,sim
-34.61165952855866,-26.418378317883985,49.0,1,0,3,sim
37.71910333352467,2.1182047223748555,36.0,0,1,3,sim
-0.39783935281328364,-15.023522898288869,39.0,0,0,4,sim
40.57739748709197,4.430061127796456,29.0,0,1,3,sim
29.895424154730478,-16.38579144856282,80.0,0,1,0,sim
46.748697986445876,-9.305259923576571,90.0,0,1,5,sim
18.962756052410562,-20.241148034455037,90.0,0,0,5,sim
-42.95053461041381,-15.150120498413337,36.0,1,0,3,sim
-26.00043326603097,-24.986289550104644,38.0,1,0,2,sim
42.547581321622246,-1.7422680797062808,37.0,0,1,3,sim
-43.24325308860038,-14.476819011213962,40.0,1,0,3,sim
-8.081432921571313,-13.82877576652313,29.0,0,0,4,sim
-31.985493487607272,-24.246135408555205,77.0,1,0,0,sim
-8.337281963097187,21.123891334356436,43.0,1,1,3,sim
-20.990154223414955,1.8256256936077566,62.0,1,1,0,sim
19.408210590560014,-22.30687332342967,71.0,0,0,5,sim
-46.369951492771065,-13.81186104270652,44.0,1,0,1,sim
-0.3104636006971974,-14.284844122241648,40.0,0,0,4,sim
-2.9661980820062075,-17.37194793849274,50.0,0,0,1,sim
38.15440996748005,1.3305620650716081,49.0,0,1,3,sim
26.74757457820916,-16.898138547618586,72.0,0,0,5,sim
-8.862200189202571,13.49383771127052,33.0,1,1,4,sim
-0.22763069168159117,-9.296067655951894,49.0,0,0,3,sim
44.63954744591929,-3.283147551806892,41.0,0,1,2,sim
-13.557437186489118,19.912771016085628,50.0,1,1,3,sim
-6.922517800973448,-12.935195277743077,24.0,0,0,4,sim
-14.73454508422844,-26.045251356951383,83.0,1,0,5,sim
-27.67863982522565,-13.124196019140989,52.0,1,0,2,sim
39.883460223947495,-11.822710072503988,36.0,0,1,2,sim
34.98600759876649,3.5321432687308807,43.0,0,1,3,sim
-22.66365418102775,15.366475260464282,38.0,1,1,1,sim
20.962445883008677,-21.598789448378586,63.0,0,0,5,sim
29.465089444375774,-14.216011571198361,93.0,0,1,0,sim
-23.304256808655825,-28.777759797129256,30.0,1,0,2,sim
-0.5070882061694435,20.997434138283054,85.0,1,1,5,sim
-42.625662900966205,-20.04065042333324,38.0,1,0,1,sim
7.765354708849619,-10.66862744735587,28.0,0,0,4,sim
9.095064488509918,-13.188819604983163,85.0,0,0,0,sim
-28.868930141832074,-4.351385337399395,70.0,1,0,5,sim
43.2540353080514,-2.7906589945271203,104.0,0,1,0,sim
-6.643531747209214,28.753245200056313,35.0,1,1,2,sim
2.3654222501293347,-19.710583121325406,40.0,0,0,1,sim
11.595444275799414,-17.97525064983646,40.0,0,0,2,sim
32.868022900218335,-11.42927252091879,33.0,0,1,4,sim
-44.48503192515119,-24.929969908159784,39.0,1,0,2,sim
33.20051261891851,4.242240655292555,42.0,0,1,4,sim
-46.84811494603066,-14.679116536522464,41.0,1,0,1,sim
46.3486617453797,-5.659588408233692,96.0,0,1,5,sim
-5.994688963184357,-12.072549460574796,23.0,0,0,4,sim
12.652043775159013,-10.916605445039686,50.0,0,0,3,sim
-39.05709319584271,-19.748686274722793,29.0,1,0,4,sim
-32.898866264448756,-16.559203552351175,87.0,1,0,0,sim
-23.404892826265094,-25.827663504647838,47.0,1,0,2,sim
-42.352189770110215,-15.676667271577662,35.0,1,0,3,sim
26.032219057238922,-13.644413288677246,89.0,0,1,0,sim
1.8621144056117882,-19.30266165574058,35.0,0,0,4,sim
-43.70997040333748,-14.677662456555074,38.0,1,0,1,sim
-29.63932289277475,-14.386078456391768,53.0,1,0,2,sim
-38.88214379733705,-14.215550745293596,37.0,1,0,1,sim
-6.340300465294627,18.137830125600125,44.0,1,1,3,sim
2.9519764075458745,-23.695866916539273,36.0,0,0,1,sim
4.301491594968243,-21.392831681368495,41.0,0,0,1,sim
9.753929759536542,-15.29044335649013,65.0,0,0,0,sim
-2.008460784291711,-17.27844150463602,47.0,0,0,3,sim
-28.176855506487403,-8.432076255804171,82.0,1,1,0,sim
-38.56251085571705,-18.889587977435525,31.0,1,0,1,sim
47.86626977290153,-2.3233585565171566,40.0,0,1,1,sim
-36.556303558012104,-24.828860541218937,42.0,1,0,4,sim
9.214659215958083,-11.789348056187656,41.0,0,0,2,sim
-3.199639019350501,21.188348948975815,28.0,1,1,3,sim
-5.293308098047258,23.373857099111518,41.0,1,1,2,sim
-14.272995202484635,-23.448470786766116,98.0,1,1,0,sim
-7.425350488960821,-14.999957894107865,31.0,0,0,4,sim
-26.620682655905274,-7.763444335028776,70.0,1,0,5,sim
-38.52598682208483,-20.278734888578327,23.0,1,0,4,sim
-26.302407576086495,-2.7148567219276623,69.0,1,1,0,sim
-47.67788964357079,-13.987199801833004,39.0,1,0,4,sim
29.114372733948287,-11.994511996229464,105.0,0,1,0,sim
-37.50941785164332,-25.490271640987558,46.0,1,0,3,sim
-6.385800297235975,22.116937093015785,55.0,1,1,5,sim
-13.6605861586126,-24.630220189636375,88.0,1,1,0,sim
-5.463186341842394,18.303720968595925,34.0,1,1,2,sim
-41.354863024325596,-15.549279438065287,35.0,1,0,4,sim
-25.14683887988718,-7.702492035662068,94.0,1,0,5,sim
37.867104310205335,6.533159224737215,37.0,0,1,4,sim
-1.0917447598334515,-22.258497274240106,28.0,0,0,2,sim
-33.42552345731568,-13.127077608806168,41.0,1,0,2,sim
9.395897978392751,-7.366431917449354,39.0,0,0,2,sim
-19.794592422072103,14.122230906150689,35.0,1,1,4,sim
8.055688749382343,-9.20675955709994,38.0,0,0,2,sim
29.69240212987441,-17.849504203365107,77.0,0,1,0,sim
29.14644667596655,6.654657556756016,28.0,0,1,1,sim
4.86858708390015,-18.563883105332764,39.0,0,0,4,sim
-47.088226373282666,-15.584294145866481,39.0,1,0,1,sim
7.713633522243461,-15.589565871628434,59.0,0,0,0,sim
-39.96219702027919,-26.23352924611806,52.0,1,0,1,sim
3.7156435690046754,-28.182984833568327,43.0,0,0,4,sim
-20.046787910999164,4.7837590820126845,76.0,1,0,5,sim
-2.9899402744126338,-12.6264288890597,30.0,0,0,1,sim
-16.836076157151723,22.698715775899693,39.0,1,1,3,sim
-2.746737695855416,24.243259787891482,74.0,1,1,5,sim
22.63277804697486,-19.477734839995296,87.0,0,0,5,sim
30.742413081840933,-16.53482397859111,95.0,0,1,0,sim
6.122910965653849,-26.046868424137365,24.0,0,0,4,sim
9.143734791846654,-14.548647312443753,79.0,0,0,0,sim
10.874985655411942,-13.260642506272356,46.0,0,0,2,sim
1.6331783078842301,26.12135871696794,54.0,1,1,5,sim
-1.963700139043057,24.360374177525273,65.0,1,1,5,sim
42.638665576546416,-5.389439042641477,69.0,0,1,5,sim
-21.859861416055782,17.8896905165915,32.0,1,1,4,sim
-15.215710599685092,20.161732422140034,39.0,1,1,2,sim
-27.061182478372487,-29.062868263098075,43.0,1,0,2,sim
-13.923572860091038,-25.097782327790306,78.0,1,1,0,sim
-1.3999867463239433,17.11296564054816,53.0,1,1,2,sim
-6.994602111976082,-7.629909581685471,41.0,0,0,1,sim
-1.7006396602796747,22.633119845776953,78.0,1,1,5,sim
-47.023173590861944,-18.761630222893324,38.0,1,0,4,sim
24.170359647308466,-17.36010724208485,67.0,0,0,5,sim
9.32365224459286,-20.493442640103616,77.0,0,0,0,sim
41.91935683642757,-12.901737796102626,65.0,0,1,5,sim
11.198993330817032,-19.69742351400492,52.0,0,0,2,sim
1.7536702935677844,-25.575123275031416,29.0,0,0,1,sim
-30.228941093494942,-18.349804991488412,42.0,1,0,2,sim
10.910189310635939,-14.018707402479237,47.0,0,0,2,sim
-15.2003294380906,-25.722437980966433,96.0,1,0,5,sim
-42.000773702539675,-16.991592161227153,35.0,1,0,1,sim
-39.41996285903579,-19.130994161709076,28.0,1,0,1,sim
0.49134815711820523,22.837068577519993,90.0,1,1,5,sim
-25.844777369867522,-27.086957814731626,95.0,1,0,0,sim
-11.968931737545953,22.98339845193673,33.0,1,1,3,sim
39.73731872578227,0.9030328661873126,41.0,0,1,3,sim
-1.2141959732547734,-13.005187379014696,30.0,0,0,1,sim
9.202236645104787,-8.672794875575793,42.0,0,0,2,sim
36.151105408469476,3.0861143326950824,40.0,0,1,3,sim
-28.07741054918578,-17.70733912318334,109.0,1,0,0,sim
26.58041613433363,-20.584503493338175,52.0,0,0,5,sim
36.98089031361296,-4.505123407188672,39.0,0,1,2,sim
34.21887051967356,3.782311930010275,26.0,0,1,4,sim
27.365390095203146,-16.677924146265763,73.0,0,0,5,sim
-8.673589997094368,13.237307580811558,42.0,1,1,1,sim
39.80392144432423,-14.293697819274747,49.0,0,1,2,sim
-5.8557050782541795,-15.318026305981114,49.0,0,0,1,sim
-7.744316458062326,29.295155082535807,36.0,1,1,2,sim
37.33499694288611,6.810801794022826,35.0,0,1,4,sim
-28.106871907111216,-20.45237638280405,83.0,1,0,0,sim
-37.1864297537911,-26.589143787517607,52.0,1,0,3,sim
42.385868329433904,-3.1174863417268734,44.0,0,1,2,sim
-11.662638167952908,14.365233104682142,42.0,1,1,4,sim
-16.452771056113228,9.887072957663674,53.0,1,1,5,sim
43.45251956233885,-6.713966563284442,68.0,0,1,5,sim
-16.503102874634624,3.7329272834508185,100.0,1,1,0,sim
24.483910757361397,-7.48567881942296,52.0,0,1,1,sim
-2.980960564792336,26.72835664476758,74.0,1,1,5,sim
46.50756895407768,-8.492510953458009,94.0,0,1,5,sim
-17.1855345441546,1.3440833907983354,98.0,1,0,5,sim
18.211804348487252,-17.88001156010365,75.0,0,0,5,sim
42.88529575827097,-16.13047927284439,38.0,0,1,2,sim
-39.79429241212057,-20.82957739995401,28.0,1,0,4,sim
-43.04064477620831,-23.166504568734887,46.0,1,0,1,sim
6.960017001129387,-16.055178889554785,81.0,0,0,0,sim
28.039652131225075,-4.680772682302473,42.0,0,1,1,sim
-23.594766454148388,-28.722082218407294,28.0,1,0,2,sim
19.304512269176865,-22.623194236774637,68.0,0,0,5,sim
-14.37955202643888,6.429938101073333,93.0,1,1,0,sim
2.2687095104232,-10.93531587942244,41.0,0,0,3,sim
-32.302625131980435,-13.916774073604088,48.0,1,0,2,sim
-10.40339338061254,13.120541165051181,40.0,1,1,1,sim
-2.6706759530222843,-18.52363162349082,40.0,0,0,3,sim
-0.24901377975870365,24.694008930492664,73.0,1,1,5,sim
-37.95107560831299,-23.644477824603356,74.0,1,0,0,sim
18.97329184235309,-19.768839994921983,94.0,0,0,5,sim
-10.254601721095678,13.684709971950175,35.0,1,1,4,sim
-12.451105397856413,11.90508668625988,41.0,1,1,1,sim
-18.38358517892733,3.158225690127658,74.0,1,1,0,sim
-24.99165433589622,-25.81442795543034,40.0,1,0,2,sim
-5.2899404572479805,25.571815544037598,46.0,1,1,2,sim
20.259978275112786,-23.298485163218807,74.0,0,0,5,sim
-38.96074258096132,-18.263673784945126,32.0,1,0,1,sim
33.47835407627166,3.07488766660539,39.0,0,1,3,sim
41.37274483247073,2.98360750054945,38.0,0,1,3,sim
-43.64107829041288,-20.105931896499335,36.0,1,0,3,sim
6.181210719756216,-15.7059115269559,78.0,0,0,0,sim
-3.804469667439607,21.225500176048776,70.0,1,1,5,sim
43.405541892615375,-10.213554811932495,38.0,0,1,2,sim
-6.466568735533992,19.786919436507212,39.0,1,1,2,sim
2.752148938723937,-23.65043056217103,41.0,0,0,1,sim
7.289617989347671,-14.921024512804584,69.0,0,0,0,sim
-46.76498614615846,-14.0444065726848,40.0,1,0,1,sim
-22.831149252355647,19.508678882251502,54.0,1,0,5,sim
-0.24250042877419892,-17.8193179769341,32.0,0,0,1,sim
-11.615003996096387,16.894669067553757,30.0,1,1,3,sim
-14.363651438279657,-25.647142909462993,90.0,1,0,5,sim
-2.3990443014984812,18.439203105376848,54.0,1,1,2,sim
-15.584560922592365,23.845668408910505,41.0,1,1,3,sim
-25.709124354774175,-26.52296490990507,50.0,1,0,2,sim
-38.028108399227364,-15.724288800623127,36.0,1,0,1,sim
-7.137807279892438,14.30905683428693,39.0,1,1,1,sim
-0.8802539644968824,23.197165305523008,70.0,1,1,5,sim
-37.505103257015975,-12.134962718468842,30.0,1,1,1,sim
26.78840254548322,-6.422192040082731,50.0,0,1,3,sim
31.343167968645943,-2.9403875527833123,49.0,0,1,1,sim
-22.489779036178994,20.26690569284439,37.0,1,1,2,sim
35.18694568998099,0.2094677303404362,31.0,0,1,4,sim
-10.00224433799401,14.285819843132467,30.0,1,1,4,sim
-22.862400873319583,-4.812061725337411,60.0,1,1,0,sim
-30.44704734429701,-11.084970182180054,33.0,1,0,2,sim
-5.450435797861791,21.850283198106993,72.0,1,1,5,sim
34.0575045661987,-9.225436417722747,32.0,0,1,1,sim
-31.97237195358089,-20.860149294745362,33.0,1,0,3,sim
28.656031007802813,-12.378907074344859,96.0,0,1,0,sim
1.3946273369531346,-15.002419066242501,30.0,0,0,4,sim
-8.341818570994905,17.293044206070256,31.0,1,1,4,sim
-2.891350929108562,22.015950329897855,70.0,1,1,5,sim
10.549951379296095,-15.594665272167402,50.0,0,0,2,sim
-21.73234869573089,3.9138847535621775,52.0,1,0,5,sim
5.656577381816651,-15.231808408427247,92.0,0,0,0,sim
-45.36856547832632,-14.288201332483162,35.0,1,0,4,sim
9.157356394763033,-6.488767051692807,37.0,0,0,2,sim
1.3882908960176832,-5.865461918383083,46.0,0,0,3,sim
-31.714380881914927,-21.61685354446623,37.0,1,0,4,sim
34.847721321325324,0.10784344962711945,38.0,0,1,3,sim
-27.744994613823696,-24.555914482467742,80.0,1,0,0,sim
-7.529981383778916,21.571907757961,41.0,1,1,3,sim
9.454259982049535,-9.95924959991278,39.0,0,0,2,sim
-26.52847158645274,-28.87607813429814,40.0,1,0,2,sim
-39.679748598905846,-18.40685820599813,25.0,1,0,4,sim
-17.34974101972297,18.323670807014196,24.0,1,1,4,sim
8.933958509163269,-17.94777810504256,46.0,0,0,2,sim
-4.650865237200775,-10.590169870156089,33.0,0,0,2,sim
-19.495948737866467,6.97467411470814,77.0,1,1,0,sim
-15.995603471920566,14.678127287464681,29.0,1,1,4,sim
-2.6331885501987973,23.10199446423367,67.0,1,1,5,sim
41.417871779549046,-13.451031167252395,46.0,0,1,2,sim
9.532957554079246,-23.909821916559103,98.0,0,0,5,sim
-3.1664653822030897,-22.72933881664168,34.0,0,0,1,sim
10.608926497675595,-22.530951859865723,36.0,0,0,2,sim
26.385759405396016,-6.669074399267383,47.0,0,1,3,sim
42.005618853511734,-10.42023598701906,54.0,0,1,5,sim
29.83464271319716,-20.41689760660205,78.0,0,1,0,sim
22.89747259385701,-20.155146189495003,79.0,0,1,0,sim
22.63170541714696,-20.554516311933718,74.0,0,1,0,sim
-27.62704201010856,-6.42708303997833,70.0,1,0,5,sim
-27.388444222660933,-24.812485539636043,60.0,1,0,0,sim
-19.5229508722975,16.13261233315079,29.0,1,1,1,sim
-0.2587291007796712,22.775665071255702,83.0,1,1,5,sim
-25.886487567572456,-12.561170525531061,67.0,1,0,5,sim
-14.861803589431226,24.908504724645873,46.0,1,1,3,sim
-4.208099389733315,26.66159059603106,64.0,1,1,5,sim
-32.43816612703608,-18.79448037434235,31.0,1,0,2,sim
-10.266967909262554,4.112371707350482,105.0,1,1,0,sim
32.311188512204055,2.299533448862311,40.0,0,1,3,sim
7.425747950614976,-16.791744082319234,66.0,0,0,0,sim
-7.55438239168547,17.89349760736428,31.0,1,1,3,sim
1.5948479358707046,-15.228683958567863,26.0,0,0,4,sim
-27.980097843475303,-18.307005144278094,105.0,1,0,0,sim
-29.677348919165325,-28.984106127162548,63.0,1,0,5,sim
40.6538207636701,-14.892105529618247,40.0,0,1,2,sim
-29.76530456436738,-29.1743337545293,31.0,1,0,2,sim
-2.670929475981608,-9.70699563088615,40.0,0,0,3,sim
-40.476329042973816,-15.271552635069655,34.0,1,0,1,sim
-41.16019459196593,-10.223544605312277,70.0,1,0,5,sim
-13.72614574772262,18.330315725735268,53.0,1,1,1,sim
25.138060576839543,-21.66933202686939,60.0,0,1,0,sim
-2.62713818457513,25.97339357562761,46.0,1,1,2,sim
-1.5343000411686156,-12.697474263256073,37.0,0,0,1,sim
43.2997022936964,-7.9811444077249,74.0,0,1,5,sim
21.8302579211458,-6.092279287672016,39.0,0,1,1,sim
-32.26986041836314,-9.450639191166111,35.0,1,0,2,sim
-39.85131119463334,-20.291575464493576,30.0,1,0,4,sim
4.4210380262362765,-13.241902262729434,105.0,0,0,0,sim
-43.820329053709955,-24.70851425079801,49.0,1,0,1,sim
25.133155476996514,-7.0951110176309635,48.0,0,1,1,sim
-27.0161382876335,-25.77428047735495,38.0,1,0,2,sim
30.969076077901168,-6.9771736006156395,30.0,0,1,2,sim
44.47730005802498,-5.293871703765926,50.0,0,1,2,sim
-10.46820090289323,11.961450738193536,38.0,1,1,4,sim
-1.0878811891840812,25.380133285981003,47.0,1,1,2,sim
33.495251255789825,-0.23893308025548876,30.0,0,1,4,sim
-26.04206707435404,-27.212171662310737,96.0,1,0,0,sim
-17.33296164979363,-4.691741015907895,73.0,1,0,5,sim
44.97411564119871,-0.20485711066888612,44.0,0,1,3,sim
29.889834235584384,2.270872884039461,34.0,0,1,4,sim
-27.55934038202918,-27.85938040774019,79.0,1,0,0,sim
36.66076502768934,1.714823743202098,28.0,0,1,4,sim
26.146558564605133,-14.644717063232408,78.0,0,1,0,sim
33.4014704999085,-13.634714482690827,48.0,0,1,2,sim
-39.56504098853108,-17.505217430032722,33.0,1,0,4,sim
41.096576462351905,-13.015910147103694,47.0,0,1,2,sim
10.362820743101238,-16.421856088022096,71.0,0,0,0,sim
-13.478640195006,19.434384345119547,50.0,1,1,3,sim
-8.307243205232936,-14.09092222184566,31.0,0,0,1,sim
-7.956480705392007,18.461837124680663,38.0,1,1,3,sim
-1.9407157678670068,-11.780134064013588,37.0,0,0,3,sim
36.9609672489907,0.6122717372873439,31.0,0,1,4,sim
21.399327510662985,-23.210643101217798,76.0,0,1,0,sim
8.974422619065246,-21.135543099480728,52.0,0,0,2,sim
-5.2491411930489305,-20.869591491234715,41.0,0,0,3,sim
-9.251503825576693,-15.988724876688936,28.0,0,0,1,sim
28.45587736379884,-20.094660300902657,65.0,0,1,0,sim
-19.059620802424693,5.878580437705798,78.0,1,1,0,sim
38.56508581255959,6.122927137646151,40.0,0,1,4,sim
33.91377442809042,4.815114887285052,48.0,0,1,3,sim
23.47178385600627,-20.77398575812221,77.0,0,1,0,sim
47.22797902351252,-2.297253275212263,38.0,0,1,1,sim
37.41908884767943,5.729840250787429,29.0,0,1,4,sim
44.22321319295537,-2.289170700246085,42.0,0,1,2,sim
-29.89056000840989,-13.304531568811171,47.0,1,0,2,sim
-14.57683579228752,-24.720569932337597,88.0,1,0,5,sim
35.67618884010429,0.7449539322229715,38.0,0,1,3,sim
-0.727153209155187,-16.56386563980271,35.0,0,0,3,sim
7.483627594449597,-20.98692295927023,50.0,0,0,2,sim
39.676238635487465,-1.6462636795783068,31.0,0,1,2,sim
38.3751492489737,-6.977919868512539,34.0,0,1,2,sim
41.666942066389865,-9.976540171678506,53.0,0,1,5,sim
27.959437717201116,-2.310115648155654,38.0,0,1,1,sim
-7.70261345579113,9.86915208148064,43.0,1,1,1,sim
-38.28903162545171,-26.04479966622832,50.0,1,0,3,sim
-43.27962069409857,-22.862770538177045,41.0,1,0,3,sim
32.46564285477514,-14.018129523763122,82.0,0,1,0,sim
42.476569398327044,-4.445720578318559,72.0,0,1,5,sim
-27.94317542001098,-16.406097330343897,87.0,1,0,0,sim
6.984119019764513,-9.030935560160646,54.0,0,0,3,sim
32.82544526584216,-2.849216015408795,28.0,0,1,4,sim
-30.956278440707585,-14.691970720066053,41.0,1,0,2,sim
43.48046853650523,-7.5623271124582025,83.0,0,1,5,sim
-6.075043888835195,-17.288004510526413,38.0,0,0,3,sim
-8.010572361197397,12.32052627475,53.0,1,1,3,sim
-47.7256916463721,-16.42580790482836,40.0,1,0,1,sim
35.840938365151786,-7.765412807646079,32.0,0,1,4,sim
-14.54162839250116,20.432917633466765,63.0,1,1,5,sim
42.819895648035796,-5.336964959142294,54.0,0,1,5,sim
8.670215408139144,-8.858650994177932,39.0,0,0,2,sim
44.714046347663725,-2.3456011987746717,52.0,0,1,2,sim
-11.368850098362245,18.10858264010014,32.0,1,1,4,sim
-16.64127053168599,-5.2779722939696985,66.0,1,1,0,sim
-18.69957314607677,10.948288619344227,54.0,1,1,3,sim
32.58196827795409,2.4435309963767082,39.0,0,1,3,sim
-2.8387790833435025,24.19796582886285,75.0,1,1,5,sim
-6.65347002198881,14.52011961771426,41.0,1,1,3,sim
29.134840306541875,6.65105162384619,36.0,0,1,1,sim
7.998797104504895,-12.867446412960001,74.0,0,0,0,sim
-24.891167075618988,-30.575173053747193,56.0,1,0,5,sim
8.665056062980332,-13.870445288385266,87.0,0,0,0,sim
47.87787467574188,-1.407770394235766,40.0,0,1,1,sim
-11.571155577550561,18.390008687784523,24.0,1,1,4,sim
-6.46612125247648,11.211725186791897,48.0,1,1,1,sim
1.1190265335259155,-14.075614463908769,38.0,0,0,1,sim
6.186466215514065,-25.769790632745803,24.0,0,0,4,sim
36.380988633189034,3.4019870029775063,35.0,0,1,3,sim
46.722212610019724,-9.01953214698301,79.0,0,1,5,sim
-23.539127296782418,-1.9732371235035124,60.0,1,1,0,sim
-10.279116823048556,22.052472840198845,40.0,1,1,3,sim
40.12478812939318,-12.46721112519203,36.0,0,1,2,sim
-14.7934735745922,18.99964813743371,52.0,1,1,3,sim
-33.457956245076815,-14.601257016959932,89.0,1,0,0,sim
9.959487965864687,-20.148234130340466,49.0,0,0,2,sim
-43.26856650327392,-19.30003295782526,39.0,1,0,3,sim
-3.4329017412053733,24.811571201081,76.0,1,1,5,sim
9.37504629457647,-9.569499470418446,41.0,0,0,2,sim
42.789045314576725,-6.845198501323902,75.0,0,1,5,sim
27.34992220052144,-4.826262850554986,35.0,0,1,4,sim
-26.956272129919142,-24.707184807631073,69.0,1,0,0,sim
27.865507614513586,-11.874166795341868,100.0,0,1,0,sim
45.59622817511381,-13.242895338877139,31.0,0,1,4,sim
-7.3079809468346,25.939789072239662,41.0,1,1,2,sim
-1.7611884754518776,-21.81408925802144,41.0,0,0,1,sim
40.33996204056636,-2.8609342833060256,41.0,0,1,3,sim
-2.651504982030528,19.272354953490357,46.0,1,1,2,sim
-8.20768500971648,14.542086026657147,38.0,1,1,4,sim
18.95218897733664,-22.980889118743974,66.0,0,0,5,sim
0.3570421110366018,-18.467359899056163,38.0,0,0,4,sim
0.7164214718103652,-19.03454504902915,32.0,0,0,4,sim
-32.600570523729985,-17.01729619730113,65.0,1,0,0,sim
-17.936307895645555,-3.383223617374239,74.0,1,1,0,sim
-31.86016198771382,-17.02370312859548,49.0,1,0,2,sim
-41.32712633204325,-23.28966701687625,32.0,1,0,3,sim
43.79577987431402,-4.069014493959221,90.0,0,1,5,sim
-14.947547470916042,-25.412594433233103,88.0,1,0,5,sim
-16.26688238283249,12.674017934298314,54.0,1,1,1,sim
9.497780736987634,-12.381036182842982,44.0,0,0,2,sim
45.22248291298729,-3.6731127810872235,52.0,0,1,5,sim
-32.770072491352636,-20.434927589965692,31.0,1,0,3,sim
-31.405112392521943,-21.478011725496014,28.0,1,0,4,sim
-3.874395385235208,23.142810079486793,69.0,1,1,5,sim
-19.775438721235492,18.055348742104513,23.0,1,1,4,sim
31.052274559554625,-2.1611969522763825,53.0,0,1,1,sim
39.01618883574969,2.8151510079250937,30.0,0,1,1,sim
0.34651578900817037,-9.124603432947172,39.0,0,0,3,sim
27.486832813808586,-13.252905065977949,83.0,0,1,0,sim
39.124408431833984,-1.091870099890543,35.0,0,1,4,sim
10.27823284963795,-23.0586063938307,38.0,0,0,2,sim
-15.499294020838978,3.8474697578303,93.0,1,1,0,sim
-18.61809518037667,14.015187022579385,43.0,1,1,1,sim
4.594473845977018,-8.341424229516198,52.0,0,0,1,sim
-19.887599077476168,17.24721436682315,37.0,1,1,4,sim
41.588941192657174,-14.278782116477513,52.0,0,1,2,sim
-2.2728770903626367,-16.67335739318775,46.0,0,0,1,sim
-47.74141211085596,-14.768693309357273,37.0,1,0,4,sim
0.5550596568504949,-17.430720185767214,36.0,0,0,3,sim
-0.6833904895771936,26.60709196698604,44.0,1,1,2,sim
29.624517647067194,-7.979055401589761,38.0,0,1,1,sim
-4.791026194522427,22.608396188190454,71.0,1,1,5,sim
-26.462328602383625,-27.260500181656283,79.0,1,0,0,sim
9.702253778264199,-13.766298300034551,53.0,0,0,2,sim
-12.51623139752184,22.29434270882073,29.0,1,1,4,sim
44.94423102312564,-2.8940745296516606,46.0,0,1,2,sim
-10.369123525401703,25.31620944461261,43.0,1,1,2,sim
39.634414610804754,-0.9080631297042592,39.0,0,1,3,sim
-15.634917464353812,2.9699324903294624,87.0,1,1,0,sim
-20.89186878139918,16.248332577286895,39.0,1,1,4,sim
-21.367939406467464,17.229394702246353,33.0,1,1,4,sim
-25.505224566292384,-2.2179416432931687,53.0,1,0,5,sim
9.182529005379328,-6.619023097564261,38.0,0,0,2,sim
-30.42239518570258,-22.43781491687222,32.0,1,0,4,sim
25.145774000115292,-17.210536525913668,86.0,0,0,5,sim
39.51158486486432,-10.425988578426676,31.0,0,1,2,sim
43.22900579729675,-4.648322731175653,79.0,0,1,5,sim
-25.450156503751213,-27.484894424838025,95.0,1,0,0,sim
27.7684283289179,-21.16917040633853,77.0,0,1,0,sim
40.06633645994944,-11.679391033341382,37.0,0,1,2,sim
8.291632582135193,-11.172942888777275,41.0,0,0,2,sim
25.4416225625233,-5.45389096933833,54.0,0,1,3,sim
43.777139146607496,-5.035826723447351,67.0,0,1,5,sim
9.992624226914302,-10.979633386044913,39.0,0,0,2,sim
-13.875625146875906,20.00827160318365,49.0,1,1,3,sim
-10.201917884727008,20.384839248360535,30.0,1,1,3,sim
-17.259109764163945,2.7307565649623395,100.0,1,1,0,sim
-23.91671655941165,-5.117630059687725,69.0,1,0,5,sim
7.155979267561931,-15.335539855370795,79.0,0,0,0,sim
-28.38325671952316,-28.09842328309454,59.0,1,0,0,sim
-16.789379192046916,17.70879194259237,28.0,1,1,2,sim
40.09139216970891,5.521726316589554,37.0,0,1,4,sim
-0.5208696942681105,-24.646390118433203,35.0,0,0,1,sim
-8.036903304661234,16.4043169288638,33.0,1,1,4,sim
-30.611313647225547,-22.381330575876085,28.0,1,0,4,sim
-14.117585092920201,13.607229809241344,34.0,1,1,4,sim
-17.85637978048873,2.1753169482332257,94.0,1,0,5,sim
36.80171083321444,-1.9880198937893327,46.0,0,1,3,sim
-27.22016655142394,-2.9406862370913536,65.0,1,0,5,sim
-5.5356612395528,-19.68878185443851,37.0,0,0,4,sim
-15.945179942227387,4.267010942139223,96.0,1,1,0,sim
37.891874067095614,-12.300718438304884,44.0,0,1,2,sim
7.84286478349574,-19.337925843276135,98.0,0,0,0,sim
1.750782800255819,22.605864853385548,79.0,1,1,5,sim
-10.755412589353806,10.574777381385013,40.0,1,1,1,sim
-36.477321382627906,-18.422536763575373,31.0,1,0,4,sim
39.066020983046755,-14.389958895946938,37.0,0,1,2,sim
-3.3641523892222196,-12.090552282931425,33.0,0,0,4,sim
40.21386504102951,-3.000461599458548,35.0,0,1,4,sim
31.71026198596036,-17.692064930905637,95.0,0,1,0,sim
26.001310265476288,-13.6658123325875,98.0,0,1,0,sim
35.32835371267967,-4.2741367148465566,39.0,0,1,4,sim
21.478459629023842,-5.6881200880886835,40.0,0,1,1,sim
-29.697569784885612,-13.452847578407994,88.0,1,0,0,sim
-1.0451344268632803,27.491583787115935,40.0,1,1,2,sim
-36.214003350900654,-24.3887600148607,46.0,1,0,3,sim
37.208958374461545,6.9722776168855205,30.0,0,1,4,sim
41.76161762036625,-15.822090954183437,40.0,0,1,2,sim
-40.31646546475716,-19.316184754256504,30.0,1,0,1,sim
32.50246113387571,-0.17516742264476992,35.0,0,1,3,sim
6.407415009373745,-9.187076204290111,52.0,0,0,3,sim
-4.6761390181680405,9.699097290595319,47.0,1,1,1,sim
-25.338835813403062,-7.338211314938898,70.0,1,1,0,sim
-2.26807619187875,-23.32528690578833,38.0,0,0,1,sim
-5.476962111418571,-13.705599837970652,38.0,0,0,3,sim
-24.714860241588777,-29.432551005804918,44.0,1,0,2,sim
-43.71868868667828,-24.750694633880336,49.0,1,0,1,sim
-30.6632135519795,-11.636056065771134,36.0,1,0,2,sim
-44.96874721266114,-14.734918271698131,40.0,1,0,1,sim
-7.238014288844064,-9.227970252330888,26.0,0,0,4,sim
-5.808555145717789,-20.91006275614254,31.0,0,0,3,sim
-7.835372656504083,20.598786324394027,38.0,1,1,3,sim
-36.56102523493824,-17.75723737037123,30.0,1,0,1,sim
-32.33798881764686,-13.88646679973721,37.0,1,0,2,sim
42.509706366460264,-15.908128403352723,38.0,0,1,2,sim
4.0392333692938625,-13.132912110280312,88.0,0,0,0,sim
-11.09442483076832,13.251356603006291,41.0,1,1,1,sim
12.110982878831088,-21.86080068336561,28.0,0,0,3,sim
24.299006524277775,-18.78604765902687,83.0,0,0,5,sim
-19.228448922872417,0.6240920629160094,79.0,1,1,0,sim
1.4458621570365633,20.00578090672908,88.0,1,1,5,sim
-33.50962774748119,-23.649417015329732,41.0,1,0,1,sim
-45.47840822079512,-13.449936665934992,42.0,1,0,4,sim
-22.96866279608252,15.539887895286396,31.0,1,1,1,sim
-40.97635687370446,-14.8968139985731,39.0,1,0,1,sim
32.61443424920094,-14.357787756983642,81.0,0,1,0,sim
25.469150528325816,-20.405614044922373,66.0,0,1,0,sim
34.22863528991451,-8.987335746730764,33.0,0,1,1,sim
-6.70940795908206,18.896988039343128,42.0,1,1,3,sim
-4.791046375821036,22.12814509362402,71.0,1,1,5,sim
-41.594335591893795,-25.043048135381525,52.0,1,0,1,sim
-27.841501106754116,-20.26374017671283,71.0,1,0,0,sim
2.100290378714844,22.53696567165691,83.0,1,1,5,sim
-7.612168684610946,14.904914391833112,38.0,1,1,1,sim
-36.38688079891712,-18.69551258286041,30.0,1,0,4,sim
-24.567116481990425,-3.3139041064601718,58.0,1,0,5,sim
44.26213153403151,-3.5516107376576747,87.0,0,1,5,sim
-43.520234752327625,-13.945252892449211,38.0,1,0,1,sim
-14.717541326438278,13.411919415997877,35.0,1,1,1,sim
-32.87419299390467,-17.391061809544617,82.0,1,0,0,sim
25.850162652997838,-4.070895552802211,43.0,0,1,1,sim
8.813212382960254,-16.729537076721833,87.0,0,0,0,sim
-33.29027888923008,-25.088079838540622,93.0,1,0,0,sim
-40.30424512077953,-14.390645064329627,38.0,1,0,4,sim
7.829175747660161,-22.522223116288792,96.0,0,0,0,sim
42.278317647014134,-15.824944660555202,38.0,0,1,2,sim
-1.1935433945144391,15.256938401676747,49.0,1,1,2,sim
8.229688390274896,-11.299290518465831,40.0,0,0,2,sim
37.896843311287824,-12.559313650231278,54.0,0,1,2,sim
-14.283252476980161,-23.916982456301817,79.0,1,1,0,sim
-17.984232721373026,-4.10580728873928,72.0,1,0,5,sim
5.489133729648873,-17.066595803754623,78.0,0,0,0,sim
6.241598034284378,-16.74067235870487,72.0,0,0,0,sim
30.98438760834804,-7.030324566152466,30.0,0,1,2,sim
-30.83254870056359,-23.505555685767057,100.0,1,0,0,sim
6.5824667959368055,-15.710917443668718,62.0,0,0,0,sim
-12.181061734589335,17.301777031971994,25.0,1,1,4,sim
0.43563709025490227,-12.937012257287872,42.0,0,0,4,sim
-28.57097614058076,-2.919328182484262,64.0,1,0,5,sim
37.785362694482004,-3.435027659480293,46.0,0,1,1,sim
30.850866633238628,-0.47212025814409664,38.0,0,1,4,sim
-22.978879789818485,-2.8845521822776528,71.0,1,1,0,sim
32.44821606193524,6.753572177119555,36.0,1,1,2,sim
43.32886645585661,-5.7344714468952285,83.0,0,1,5,sim
21.475896188654847,-15.770041167980267,58.0,0,0,5,sim
-27.59228892067774,-26.804317223977442,77.0,1,0,0,sim
43.089334972573084,-3.752402687115048,58.0,0,1,5,sim
35.279322156658125,6.647758037042053,46.0,0,1,3,sim
-7.785244510866814,29.158900374195674,35.0,1,1,2,sim
11.610355722087498,-5.267357499495435,37.0,0,0,2,sim
-7.114785597948742,-15.961747219284996,43.0,0,0,1,sim
-33.63945481584098,-24.641251401020796,46.0,1,0,1,sim
42.69031347526597,-4.669300136801693,71.0,0,1,5,sim
25.259201350335307,-1.191526585870923,44.0,0,0,3,sim
-7.407475793391408,22.955697373865917,50.0,1,1,2,sim
-9.602645061690275,17.288160341514875,28.0,1,1,4,sim
-3.626081607886913,-23.17337759684095,31.0,0,0,1,sim
-19.805684249514076,4.45384037896193,81.0,1,1,0,sim
-24.72351058869893,-24.675158363529064,38.0,1,0,2,sim
-14.815584547977265,3.574752238883123,80.0,1,1,0,sim
-13.398738997041542,23.181798804577042,39.0,1,1,3,sim
6.958601611639691,-17.032902311199372,93.0,0,0,0,sim
-3.9258700923198844,-22.2502134135771,37.0,0,0,4,sim
-10.1772459178908,9.892997007670944,44.0,1,1,3,sim
1.000580086269449,20.406650186291834,87.0,1,1,5,sim
-9.216034287773489,12.510331999538364,39.0,1,1,4,sim
-18.977773402697913,-3.9038558664636396,74.0,1,0,5,sim
-18.637070460645166,15.607821486236299,35.0,1,1,4,sim
-47.738154682770485,-13.780289246197494,41.0,1,0,1,sim
-6.77775696839809,-18.56336985138244,35.0,0,0,4,sim
-27.807134117569,-13.049787583382614,62.0,1,0,0,sim
-41.07018349137721,-16.040597289230725,32.0,1,0,4,sim
32.653965729218726,-5.7946358714775235,41.0,0,1,3,sim
43.30348030826795,-14.016794891311854,76.0,0,1,5,sim
27.35975940521069,2.3733022774485253,47.0,0,1,1,sim
-25.33912256491083,-25.735974388826918,98.0,1,0,0,sim
-10.260265439883838,19.244783540033517,29.0,1,1,3,sim
-27.51986128997748,-12.359143199445738,62.0,1,0,0,sim
-1.4232423338181808,17.50876411047107,50.0,1,1,2,sim
-23.686019374668515,16.385590077671573,31.0,1,1,4,sim
44.38736030205024,-4.924327520636206,70.0,0,1,5,sim
21.159240352166997,-23.507945614791844,85.0,0,0,5,sim
39.29831624187993,-6.713139887859652,35.0,0,1,2,sim
-20.879317467285713,1.9472263442705735,79.0,1,0,5,sim
-20.169052703879387,16.718093571337285,38.0,1,1,1,sim
-1.8490281803885953,17.77572818058207,72.0,1,1,0,sim
-1.117069340986478,-13.137559536257688,47.0,0,0,3,sim
40.982244382663566,3.600915283935132,30.0,0,1,3,sim
0.6775449197626597,-16.049771893748435,38.0,0,0,1,sim
-4.978172785701175,20.977774480770634,62.0,1,1,5,sim
-33.98940398331922,-8.146058507435763,49.0,1,1,1,sim
36.68083424748556,-2.4077586016138044,50.0,0,1,1,sim
43.12794048989258,-8.23261139873008,62.0,0,1,5,sim
28.87786790498455,1.8534393764344017,32.0,0,1,3,sim
39.58815784103014,-4.72659935146036,33.0,0,1,3,sim
12.973153065303176,-20.688176306079164,36.0,0,0,2,sim
9.501126381473597,-12.070198488008845,41.0,0,0,2,sim
-7.546257895583996,13.43283916934991,43.0,1,1,4,sim
19.639434938056578,-23.37071323854539,62.0,0,0,5,sim
25.397076168431603,-5.511721304877709,52.0,0,1,3,sim
-37.1915548948124,-23.740343172985845,47.0,1,0,1,sim
35.359187142112475,1.7164632532945756,43.0,0,1,3,sim
-41.61692265416066,-25.104617123968914,52.0,1,0,3,sim
0.35024258929061813,27.12666634141005,38.0,1,1,2,sim
-18.60093907679545,11.136338252075523,52.0,1,1,3,sim
1.1306750920384365,-15.686444915051212,41.0,0,0,3,sim
-32.600467475578554,-9.000474151887591,34.0,1,0,2,sim
11.655156784970302,-14.389536904385801,46.0,0,0,2,sim
-6.9645896671996095,30.575173053747193,52.0,1,1,5,sim
-17.897946737195838,15.307257552636775,41.0,1,1,1,sim
-8.432738871345773,20.411726283154344,36.0,1,1,3,sim
35.878974808846024,-7.68029557309958,35.0,0,1,1,sim
-10.57444294832714,10.391062103676509,40.0,1,1,4,sim
42.40907607001789,-9.848345843711433,50.0,0,1,2,sim
-9.471048658717027,15.612456172518003,36.0,1,1,1,sim
-4.69598672342509,-21.476348249601422,43.0,0,0,1,sim
-0.5977768412909146,23.779828072950643,74.0,1,1,5,sim
-19.649314249042636,16.817578507294847,31.0,1,1,1,sim
28.02096188182059,-14.131033119966773,74.0,0,0,5,sim
-9.45023010704249,19.44450940599873,31.0,1,1,4,sim
42.373419238791456,-7.2692168649486355,70.0,0,1,5,sim
-6.730327193946856,-19.219648116736316,44.0,0,0,1,sim
4.210503459806858,-21.738608150244538,40.0,0,0,1,sim
28.13335035670398,-4.240349299814142,24.0,0,1,4,sim
5.7835541502493255,-16.421021098983644,74.0,0,0,0,sim
-4.646872532147899,-17.465019338723216,34.0,0,0,4,sim
38.52919366345468,7.456271432396093,37.0,0,1,4,sim
29.421977701154727,-15.833573265837998,93.0,0,1,0,sim
-35.088646799216306,-18.983773096767386,30.0,1,0,3,sim
-40.62420817981021,-12.802609583770145,31.0,1,0,4,sim
-10.364427688423003,16.623827376073372,47.0,1,1,1,sim
-4.598440404314266,-12.28992561565755,36.0,0,0,1,sim
-26.11356275918811,-24.574422726954857,98.0,1,0,0,sim
-24.97657063948578,-29.034824340783402,43.0,1,0,2,sim
-28.19964713206418,-20.05685877985791,72.0,1,0,0,sim
1.4879799811506476,22.24897959653324,84.0,1,1,5,sim
8.211414644982408,-21.25127841040438,77.0,0,0,0,sim
-47.047265456905535,-18.748769288089285,42.0,1,0,3,sim
-9.208636121897642,21.355112473261514,38.0,1,1,3,sim
38.42183890153386,-3.710127704564049,42.0,0,1,4,sim
20.03064117012383,-6.133673217291974,49.0,0,1,1,sim
41.86162838607531,-8.33070388306167,80.0,0,1,5,sim
-6.144951975003854,-15.915947982540471,37.0,0,0,1,sim
-41.953965983913136,-19.45051717789633,27.0,1,0,4,sim
10.967299882573093,-6.834960852171238,34.0,0,0,2,sim
40.866462956080724,5.301356220222216,40.0,0,1,4,sim
29.749037907667343,2.5803926658541823,38.0,0,1,2,sim
-5.5222582218057,27.384426609020743,31.0,1,1,2,sim
1.9094302747567076,16.307427787232186,24.0,0,1,4,sim
1.4948700332196823,-5.830254370365123,33.0,0,0,3,sim
22.243233428699206,-19.30282716896625,87.0,0,1,0,sim
30.990365008554818,-0.34031011423964497,27.0,0,1,4,sim
-4.080937667630391,-10.028977977810364,30.0,0,0,2,sim
-32.66356394093529,-16.829497660746622,73.0,1,0,0,sim
7.308834255908165,-20.14739704256018,70.0,0,0,0,sim
-21.041565173215062,16.6804693457751,24.0,1,1,4,sim
-38.40762144885652,-17.858002632833948,29.0,1,0,4,sim
6.461015045722705,-8.855467703503006,54.0,0,0,1,sim
29.06882979646056,-5.461343039729754,39.0,0,1,4,sim
-20.97842217692173,17.744365307546047,31.0,1,1,4,sim
-1.2104886467428653,-14.150514353008235,39.0,0,0,3,sim
-37.467177224726456,-18.002185015531506,24.0,1,0,4,sim
-4.400676113849013,-24.47356069219333,31.0,0,0,4,sim
47.96595451470667,-2.5846487663030455,44.0,0,1,1,sim
-43.24389098215137,-18.488794175898096,38.0,1,0,3,sim
-8.52450648196697,16.309126557550556,37.0,1,1,3,sim
-10.2952270544302,22.44688925358941,35.0,1,1,3,sim
-14.48895579321703,17.847567937270625,54.0,1,1,5,sim
-28.127194364863616,-8.577320972101075,72.0,1,0,5,sim
-34.06022494674522,-23.426995217385887,44.0,1,0,3,sim
40.99710561854357,-12.890227349087617,46.0,0,1,2,sim
-4.2290472254641,-23.612801787452852,29.0,0,0,4,sim
-8.597855034393596,19.380647381711654,40.0,1,1,4,sim
-1.50469348811417,-18.050112737538907,46.0,0,0,1,sim
33.766739451246224,5.1330145303270545,46.0,0,1,3,sim
23.1301254673943,-5.961791052088824,34.0,0,1,1,sim
-3.263848365440312,-20.51653564028421,38.0,0,0,3,sim
-30.2134597309927,-18.68314972557712,49.0,1,0,2,sim
-3.379447375989009,25.69572405910324,79.0,1,1,5,sim
-32.59533268994359,-23.774485087154247,41.0,1,0,4,sim
41.85721342445814,-12.850604181516166,70.0,0,1,5,sim
-43.670138629022574,-15.496058727416415,40.0,1,0,4,sim
3.7235750415807916,-28.196851920864532,47.0,0,0,1,sim
-26.636562025809404,-9.368713952752643,47.0,1,1,2,sim
-45.04177458451258,-11.606351608792753,44.0,1,0,3,sim
5.876576031618483,-13.310901199540687,100.0,0,0,0,sim
28.027272259880924,2.521846168263661,46.0,0,1,1,sim
36.930593419629815,6.20614045738443,44.0,0,1,3,sim
-6.726988178202701,11.304095744670208,50.0,1,1,1,sim
-22.84374968536239,-1.9452811573923485,76.0,1,1,0,sim
43.806872839654886,-5.942310312673089,67.0,0,1,5,sim
27.010183725773487,-6.2704120200021665,47.0,0,1,3,sim
-31.24244720076166,-21.59561280472095,32.0,1,0,4,sim
-40.34370213997619,-13.93659406597933,38.0,1,0,1,sim
0.5826449438615398,-12.747967763923587,41.0,0,0,4,sim
-6.454880034906582,27.345304151948802,31.0,1,1,2,sim
-27.76463934818935,-3.041196612890591,60.0,1,0,5,sim
-7.4108719754621255,-18.780486358510352,31.0,0,0,4,sim
